Name;Writer;Content;Year
Оправдается ли надежда?;Леонов Л.;"Оправдается ли надежда, — как знать? Нет игры более пустой и бесплотной, чем литературные предсказания. Случалось, что обманывали самые блистательные надежды, и порою «из ничего» развивались настоящие художники. Поэтому я поста­ вил знак вопроса в заглавии статьи о Леониде Леонове. Но сразу хочу сказать, что такой надежды у нас давно не было, и давно уже не встречалось нам дарование настолько живое, полное силы и прелести. Леонов в начале этого года издал свой новый роман «Вор». Больше чем когда бы то ни было хочется «порекомендовать» эту книгу, — с уверен­ностью, что читатель останется признателен за рекомендацию. Какие есть удивительные страни­цы в «Воре», какое неподдельное вдохновение! Вот десять лет существует «советская» литература, — и ведь было бы несправедливым сказать, что все, доходившее к нам под советским ярлыком, ока­зывалось плохо и лживо. Были и хорошие книги, появились в России и даровитые писатели. Но, конечно, ни Бабель, ни Всев. Иванов, ни Булгаков или Федин не могли бы написать «Вора», — или подняться до художественного уровня этого рома­на. Среди «молодых» у Леонова сейчас соперников нет. Первые повести Леонова появились, если не ошибаюсь, в 1922 году: «Туатамур», «Конец мел­ кого человека» и др. Но до появления романа «Бар­суки» о Леонове мало кто слышал, мало кто говорил. Внимательнее всех оказался А. Воронский, бывший редактор «Красной нови», сосланный те­перь в Сибирь за оппозицию, человек неглупый и небездарный, хотя чрезвычайно упрощающий все вопросы литературы и искусства. Но «упроще­ние» — болезнь у марксистов неизлечимая, и взыс­кивать за это с Воронского не приходится: по срав­нению с Луначарским или Коганом он все-таки казался чуть ли не гением. Воронский в первых своих заметках о Леонове предрекал ему большое будущее, но советовал «преодолеть целый сонм великих искусов» и выражал опасение, как бы Лео­нов по малой своей сознательности не оказался отброшенным «на задворки нашей современности». Интересно — что заставило Воронского сомневать­ся в успехах Леонова? Для пояснения сделаю не­ сколько выписок: 
«Леонова едва ли можно назвать даже попутчи­ком революции. Тем более он чужд коммунизму. Думается, что у Леонова очень существенное и важное не продумано, художественно не прорабо­тано и не прочувствовано. У него есть настолько опасные изгибы, что они ставят под вопрос буду­щее всего его таланта» (Воронский А. Лит. типы. С. 115). «Он напуган возможностью механизации жизни и человека и, по-видимому, в коммунизме готов видеть противника этой жизни... при таких настроениях очень легко скатиться в доподлинно художественную реакцию» (Там же. С. 116). Итак, для Воронского Леонов недостаточно «идеологически выдержан». Критик упрекает Лео­ нова в том, что он — «ходатай за маленького без­вестного человека». Он цитирует слова одного из леоновских героев: «За правду кровью платить надо, — а кровь — она дороже всяких правд», — и, основательно замечая, что «это положение цели­ ком взято у Достоевского», тут же далеко не столь основательно говорит, что оно «целиком абстракт­ но», и пугает Леонова «выходом из строя жизни». 
Переведем всю эту двусмысленно-условную ли­ тературщину на простой язык. Из всего сказанно­го Воронским несомненно одно: Леонов гораздо больше занят душой человека, чем пропагандой коммунизма. Упрек превращается в похвалу, и если бы этот упрек не мог быть сделан, Леонов, конечно, не был бы художником. В ранних своих повестях Леонов пристально вглядывается в жизнь и никаких готовых схем не принимает извне. Он «сомневается и раздумывает» — и если теперь из последнего его романа постараемся узнать, к чему его сомнения и раздумия привели, то ответ, кажет­ся, должен быть таков: меняются эпохи, меняется строй жизни, быт, уклад; меняется оболочка, — но человек не меняется; и вечным предметом искусства остается его душа... Когда писатель это понял и всем своим существом ощутил — к нему уже неприменимы паспортные клички «советский» или «зарубежный». Он просто русский писатель, где бы он ни жил и законам какой страны ни под­чинялся бы. Московские критики отрицают это; не будем им подражать. И главное: объясним им 
«во избежание досадных недоразумений», что писатель типично эмигрантский для нас так же не­ приемлем, как и типично советский, — и что в эти узкие, временные, откровенно преходящие фор­мулы втиснуть истинное искусство им никогда не удастся. Воронский брюзжит на Леонова как раз за то, что в нем наиболее ценно. 
Роман «Барсуки» обратил на Леонова общее внимание. О книге этой в свое время достаточно писалось. Одобрения были смешаны с упреками: роман казался скороспелым, сыроватым, цветис­тый стиль его чаще раздражал, чем радовал. Описывались в нем «зеленые», т. е. дезертиры, веду­щие партизанскую борьбу с советской властью. Скорее в целом, чем в частностях, этот роман убеждает, т. е. скорее по окончании, чем во вре­мя чтения. На некотором расстоянии виден ста­новится его замысел и проясняется общая карти­на, развернувшаяся очень широко. Роман не был вполне удачен, но доверие к силам автора вну­шил большое. 
«Вор» это доверие удваивает. Несомненно, Лео­нов испытывает сейчас сильнейшее влияние Досто­евского, — как раньше он находился под влиянием Лескова. Самый переход от Лескова к Достоев­скому есть признак духовного роста. Читатель, вероятно, заподозрит, что Леонов воспринял влия­ние Достоевского поверхностно, по-ученически. Нет, — и это-то более всего в нем и замечательно. Леонов не подражает Достоевскому и не внешнюю его манеру перенимает. Он как бы входит в его внутренний мир и по-новому, по-своему его вновь оживляет, вновь заселяет живыми образами. Ни­ какой параллели между Достоевским и Леоновым я не провожу, и, конечно, это сейчас было бы де­ лом опрометчивым, безвкусно-торопливым, почти непристойным. Но нет ничего невозможного, что когда-нибудь эта параллель будет проведена, и, повторяю, Леонов единственный из молодых пи­сателей, о ком можно подобные слова сказать. 
Передать содержание «Вора» было бы очень трудно. Роман этот не принадлежит к тем, где во­ круг одного героя или одного какого-нибудь слу­ чая вращается все остальное. Единого стержня в нем нет — наоборот, в нем сплетено огромное ко­личество отдельных существований, судеб и харак­теров. Это действительно «кусок жизни». Общий фон — Москва последних лет, опустившиеся быв­шие люди, пьяницы, мошенники, налетчики и рядом первая поросль новых сил: новые купцы, пока еще робкие и притаившиеся, новые мещане, которые в будущем не уступят прежним... Общий тон — беспокойный, приподнятый, слегка «хмель­ ной», или, как теперь иногда выражаются, «угар­ный», с клятвами на всю жизнь, с восторгом, пе­реходящим в муку, и муками, сменяющимися во­сторгом, с бредовыми беседами на рассвете, со слезами внезапного умиления, чуть ли не с «по­клоном всему человеческому страданию». Не под­давайтесь первому впечатлению, не сочтите все это с первых глав романа слабонервностью или крив­лянием: вы вскоре убедитесь, что Леонов верно передает томление русских «больных душ». Не обя­зательно за ним следовать — как даже и за Досто­евским, — но путь у Леонова не искусственно-вы­мышленный, мир его не призрачный, и в этом мире он не случайный гость. 
Главное действующее лицо романа — Митька, «вор», человек властный, обаятельный, с налетом романтической таинственности, кое-чем напомина­ющий Ставрогина и как Ставрогин не находящий ни применения, ни выхода своим силам. Митька с высот жизни опускается на самое дно ее и к кон­цу романа в великой тоске ищет духовного вос­кресения. Это образ не совсем отчетливый, но за­думанный глубоко. Остальные лица яснее, и пси­хологическая обрисовка их, пожалуй, правдивее: Николка Заварихин, этот советский «удал-добрый- молодец», веселый, хитрый, цепкий; прекрасная Манька Вьюга; спившийся «барин» Манюкин, сочиняющий витиевато-слезливые письма к Николаше, несуществующему своему сыну, и за четвер­так потешающий новых господ рассказами о фан­тастической былой роскоши; простодушная Зинка, влюбленная в вора; ее жених, желчный управдом Чикичев; наконец, Гелла Вельтон, цирковая акробатка, разбивающаяся насмерть (едва ли не луч­ший эпизод романа — самый законченный, самый выразительный). Крайне искусственно введена в роман фигура писателя Фирсова, который будто бы сочиняет о действующих лицах повесть, забе­гает то сюда, то туда, сообщает мысли автора, ком­ментирует поступки героев и всюду суется без нуж­ды и толку. Леонов, к сожалению, уступил тут прихотям времени, требующим «сдвинутой кон­струкции», и пожелал, чтобы и у него было все «как у других» — по излюбленному выражению пору­чика Берга из «Войны и мира». Напрасно. «У дру­гих» все гораздо хуже, чем у него — и подражать им Леонову не стоило. 
Мысли автора выражает, впрочем, не только Фирсов, но порою и пьяненький Манюкин, и за кудрявым слогом его посланий к Николаше чув­ствуется иногда несомненно сам Леонов. 
Манюкин пишет о вещах самых разнообраз­ных. В завещании он вспоминает Россию. «Ты, Россию, а с нею весь мир, принимая из рук моих, вопрошаешь меня безгласно о мыслях моих. Что ж! Россия есть прежде всего народ, обитающий некое гладкое географическое пространство. Не бе­ резки, не овражки, не белые барские усадебки... есть Россия. Ныне не пугаюсь, когда спиливают березку, сожигают от полноты сердца усадебку... Душу народную да охранит Господь от зла, а ты помоги ему в этом, ибо коротки руки стали и у Вышнего». 
Что же, пора и народу выглянуть в Петрово окошко. 
Может и дорос и приобрел все пороки, долж­ные для управления любезным отечеством. 
...Кто скажет? Ведь мы и народ-то знавали лишь по лакеям, банщикам, извозчикам да нянь­кам. И вот видится мне «иное лицо и дела иные»... 
Нельзя решить, объединен ли леоновский ро­ман одной какой-либо «идеей». Если и есть такая идея в нем, то лишь очень старая и общая: идея греха и искупления, падения человека и вечной возможности спасения. Было бы правильнее на­ звать это не идеей, а темой, и всякий знает, это тема, вечно тревожившая Достоевского. Вероятно, Достоевский внес бы в леоновскую фабулу просвет­ляющий, проясняющий трагизм, осветил бы ее све­том беспощадно резким. У Леонова в «Воре» есть что-то тягучее, есть какая-то «кашеобразность». Но ведь ему нет еще тридцати лет! И скорее зало­гом его роста, чем доказательством слабости, яв­ляется эта медленность его развития, эта «чест­ность с собой»: не говорить о том, чего еще не зна­ешь, не видишь, не понимаешь. Уже и сейчас Леонов разбирается в человеке, в его помыслах и желаниях, в его радостях и несчастьях как никто из наших современников. Уже и сейчас он умеет человека изображать — и, по-видимому, чувству­ет потребность и право человека судить, т. е. прежде всего самого себя в каждом из своих героев. Все в нем обещает, что он будет истинным поэтом, в широком смысле слова, — почти ручается за это. 
Но не будем гадать. Поблагодарим за «Вора», этот «нечаянный подарок», запомним имя Леоно­ва, — и будем ждать его новых книг. 


 


";1928
К. Федин и его новый роман «Братья»;Федин К.;"Основные качества К. Федина— добросовестность, усердие, трудолюбие. Наделенный от природы дарованием не первоклассным, он исполь­зовал его умело. Фединская беллетристика неиз­менно хорошо проработана, тщательно продума­на, чисто выполнена. Конечно, это «не бог весть что», — по глубине и широте замысла, по уровню вдохновения. Но это все-таки добропорядочная ли­тература, без срывов. 
Писатели послереволюционного поколения, в общем, более всего грешат торопливостью, небреж­ностью, сказывающейся особенно сильно не в сти­ле или внешних приемах, — это еще было бы пустя­ками, — а в замысле. «И жить торопятся, и чувствовать спешат», хочется о них повторить. У них бывают вспышки, но едва только они берутся за что-нибудь, требующее длительного и неослабева­ющего напряжения, — как банкротство их очевид­но. Нельзя в две недели написать романа, а глав­ ное, нельзя так, мимоходом, в свободную минуту, между статейкой и докладиком, задумать его, са­мому себе его выяснить и внутри себя как бы осу­ществить. Фабула тут ни при чем, и не в ней, ко­нечно, дело. Механическое построение ее может быть доведено до высокого совершенства, как все механическое, — и затрата времени при навыке может быть сведена к минимуму. Но жизнь рож­ дается медленно, и создать что-либо живое можно только выносив его. К советским писателям все это относится больше, чем к кому бы то ни было. 
Федин до сих пор выделяется среди них своей «творческой сознательностью». Не то чтобы он мало печатался, мало писал. Нет, — но у него была, очевидно, очень честная работа над собой, изучение «всяких образцов прошлого», чистосер­дечное желание что-нибудь у них позаимствовать. Была вдумчивость, было спокойствие. Федин ни­ когда не «халтурил» (кстати сказать, — удивитель­ное слово; неприятное, пусть, но выразительней­ шее слово, которое грех было бы преследовать ради мертворожденных идеалов языкового «пуризма»). Отсутствие малейших признаков озорства в его даровании порой даже казалось подозрительным. Пай-мальчики ведь редко достигают чего-либо в искусстве, и не случайно среди великих писате­лей почти нет бывших «первых учеников». Нуж­на какая-то капля яда... Но, повторяю, среди со­ветских «озорников» по профессии или по обязан­ности Федин выделялся выгодно. 
Его роман «Города и годы», при всей его услов­ности и искусственности, был все-таки хорошим романом, многих поразившим тщательностью пись­ма, высокой пробой его. От чтения оставался ка­ кой-то мутный осадок, — таково, по крайней мере, было мое впечатление, чувствовалось что-то под­ дельное в фединском романизме, что-то предумыш­ленное в его одушевлении. Но «придираться ко вся­ кому можно», и думалось: не придирки ли и это. 
Был настоящий роман, настоящая литература, а мы теперь не слишком по этой части избалованы, и опасно нам быть чрезмерно разборчивыми. 
Но вот новый роман Федина, только что издан­ный в Берлине «Петрополисом», помеченный авто­ ром на последней странице: март 1928 г. Все досто­инства Федина по-прежнему налицо, ничего как будто бы не изменилось. Однако если «осадок» оставал­ся от чтения «Городов и годов», то с «Братьями» дело обстоит много хуже. Очевидно, не Федин осла­ бел, но мы пристальней в него вгляделись. 
Прежде всего: глубочайшая, беспросветная ску­ка. Конечно, это оценка субъективная и неубеди­тельная. Мало ли что кому скучно: один зевает над «Войной и миром», другой — над «Рокамбо­лем». Но я не настаиваю на этом, личном моем впечатлении и хочу отметить скорее общий бес­ спорный, почти реальный «дух скуки», веющий над этим романом, «сделанным» с таким трудом и старанием, — не живым, а жизнеподобным, не умным, а умничающим. «Воняет литературой», как выразился Тургенев. Все удачно, все правиль­но рассчитано и умело выполнено, но нет легко­сти, свободы, бессознательной и необъяснимой безошибочности, короче, нет игры, есть только ра­ бота. А ведь творчества без игры не бывает. 
«Братья» — это три брата Каревых: Матвей, Никита и Ростислав. Матвей — стареющий про­фессор, прославленный врач, уставший от славы и труда, угрюмый, хмурый, добрый, мешковато­ вялый, как многие стареющие знаменитости в рус­ ской литературе. Никита — подлинный герой рома­на по своей центральности и в то же время самый неясный в нем образ — музыкант, сочинивший симфонию, где «отражено наше героическое вре­мя», Дон-Жуан, неизвестно чему обязанный свои­ми успехами, душа мятущаяся и, вероятно, сла­бая. Наконец, Ростислав — тип простой и сразу понятный, увлекающийся мальчик, благородный коммунист, весело живущий и весело умирающий, своего рода «луч света» в этом темном царстве. 
Взаимные отношения братьев сложны. Дочь Мат­вея, подросток Ирина, влюблена в своего дядю Ни­киту. Матвей это знает и страдает. В Никиту влюб­лена и некая Варвара Михайловна Шерстобитова, купеческая дочка, впоследствии секретарша комму­ ниста Шеринга, выходящая замуж за матроса Ро­диона Чоброва и ради Никиты его бросающая. Ири­на же изменяет Никите ради Родиона. Ростислав Карев, предводительствуя отрядом красных войск, занимает город Уральск, где находится дом его отца. Отец от него убегает. Ростислава предательски уби­вают белые, его именем называются улицы и, та­ким образом, слава его прибавляется к славе стар­ших братьев. Комиссар Шеринг, благодетель Роди­ она, умирает вопреки диагнозу Матвея. Его болезнь случайно оказывается причиной встречи несколь­ких действующих лиц, связанных друг с другом, — кто любовью, кто ревностью, кто ненавистью... 
Я намеренно сбивчиво передаю содержание «Братьев». Но не думайте, что в романе действие развивается постепенно и что Федин связно повест­вует о жизни своих героев. В «Братьях» он еще раз применил любимый свой прием: начал с конца и затем принялся разъяснять, как до этого конца дело дошло. Не было бы большой беды, если бы только начало и конец оказались переставленны­ми. Но Федин вообще уничтожает время и движе­ние во времени. Он как бы не чувствует, что у вре­мени есть направление, беспрестанно забегая то вперед, то назад, составляет мозаику, где ни одна из частиц, естественно, с другой не сходится. Вот это-то больше всего и утомляет в его книге, — даже раздражает. Несомненно, это литературный «при­ем». Несомненно, этот прием уже изучен и класси­фицирован критиками формальной школы. Но что им достигается? Какое он имеет оправдание, кроме жалкого желания писать иначе, чем обычно писа­ ли до сих пор? Не только ли тогда перестает литература «вонять», когда в ней никакого следа при­емов не осталось, — как, впрочем, и во всяком ис­кусстве, всяком творчестве. У Федина повествование ведется скачками. Читая, удивляешься. Иногда даже удивляешься одобрительно: как остроумен и смел тот или другой скачок. Я даже иногда допу­скаю, — мы благодаря этим скачкам что-нибудь лишнее узнаем или воспринимаем. Но зато ни на одну секунду — о, это наверно — мы не в силах забыть, что читаем очень искусный роман совре­менного молодого писателя, владеющего всеми но­вейшими секретами своего дела. Не в силах забыть и поэтому не в силах забыться, читая. Ну, а без этого все ни к чему. Мне недавно пришлось гово­рить о Леонове по поводу его романа «Вор». Лео­нов пишет грубее, можно сказать — простодушнее, чем Федин. Но у него на каждой странице есть что-то, Федину недоступное... Как назвать это «что-то»? Талант? Вдохновение? Чутье? Инстинкт? Называйте как угодно. Но Леонов знает, куда в повествовании идет, читатель же чувствует, что автор его за собой ведет. Федин, пожалуй, оттого так и блуждает в своем романе, что для него самого все в нем темно и брести ему приходится ощупью. Напишет сцену, придумает диалог и не знает, удачна ли эта сцена, дает ли что-нибудь диалог или нет. Крайне харак­терны самые разговоры в «Братьях». Некоторые из них очень хороши и выразительны. Но другие, внешне схожие с первыми, совсем пусты, и в обры­вочности их ничего не заключается. Как будто вы­ стрелы наудачу: то полные, то холостые, а сам стре­лок не знает, когда какой случится, и щелкает кур­ком всегда одинаково. 
На всей книге — налет изысканного психоло­гизма, и под ним — сантиментальной, голубогла­зой мечтательности. Эти черты «геттингенства» в романе — кажется, наиболее природно-фединские. Есть легкое влияние Толстого (смерть Шеринга), есть кое-где и Достоевский, — не дух его, а как бы только привкус. 
Герои «Братьев» беседуют друг с другом крат­ко и скупо. Но один раз Федин своей манере изме­няет и заставляет их поговорить отчетливо на темы важные и общие — приблизительно так, как Иван и Алеша Карамазовы, в трактире, за чаем. Но увы... Оскудел, очевидно, с тех пор человеческий ум. Помните, о чем и как говорил Иван Карамазов — его доводы, его сомнения. Послушайте теперь уче­ного биолога Арсения Арсеньевича Баха: 
— Надо пробудить в человеке любознание... Беспокойство, внедрить в человека беспокойство, это чувство, которому мы обязаны всем, что нам известно: огнем, книгопечатанием, телеграфом... 
Поверьте, друг мой, я знаю бесконечно боль­ше вас, и мои знания устойчивы, как храм, фун­дамент которого уходит глубоко в почву. То, чем убеждают сейчас искателей правды из рабочих кружков, все эти амебы и туфельки, палеозойские периоды и обезьяны, все это переведено в моем представлении в сложнейшую и тончайшую гармо­нию... Но... поверьте, Родион. Некоей сокровенной минутой, когда ясность моих мыслей достигает предельной чистоты, я отвертываюсь в уголочек моей библиотеки... осеняю себя давно осмеянным христианским крестом и твержу: 
— Ничего не понимаю. Ничего не понимаю! 
Это искренно сделано — и, конечно, искрен­ность здесь авторская. Но это примитивно по мыс­ ли, по обороту ее, — и просто-напросто неинтерес­но. Сотни раз все это было в мире запечатлено словами, — и с неизмеримо большей силой недо­умения, с большим трагизмом. В современной Рос­сии азы и прописи духовной жизни человека схо­дят за дерзкое мудрствование. Повторять их — занятие невинное, но бесплодное. 
В заключение хотелось бы сделать короткую оговорку: отрицательное мое отношение к «Брать­ям» вызвано отчасти тем, что к Федину принято предъявлять большие требования. Окончательно­го, высшего испытания он, на мой взгляд, не вы­держивает. Но, конечно, в рядовой текущей сло­весности его роман — книга заметная и доказываю­щая, что в России не ослабела еще литературная культура. 



";1928
Восемнадцатый год;Толстой А.;"Только что появилась в печати вторая часть «Хождения по мукам» Алексея Толстого — «Восемнадцатый год», книга долгожданная, во многих отношениях замечательная и в конце кон­цов все-таки разочаровывающая. 
Ал. Толстой — человек талантливейший. Кто этого не знает, кто против этого спорит? Но он на редкость неровный писатель. Ум ли изменяет ему, ослабевает ли воля, или просто Толстому слишком часто приходится спешить, — сказать трудно, но едва ли у кого-нибудь из современных беллетрис­тов можно найти такое причудливое соединение блестящего с тусклым, высокого с ничтожным, значительного с нелепым. Правду сказать, каза­лось до сих пор, что больше всего повинна в этом толстовская беспечность, небрежность. Казалось, пишет он «как из ведра»: даровитость увлекает его, легкость творчества соблазняет, а захоти он, как другие, подолгу отделывать, обтачивать, об­думывать каждую страницу, каких бы только чудес мы от него не дождались бы! Казалось, что Толстому все доступно. Но вот с выходом «Восем­ надцатого года» приходится с этой иллюзией рас­статься. Не все доступно Толстому. Этому перво­классному рассказчику не по силам оказался боль­шой роман. 
В чем дело? — с недоумением спрашиваешь сам себя. Ведь написано местами удивительно, хочется даже сказать, неподражаемо, — с такой зоркостью взгляда, с такой находчивостью и пре­лестью слова, что большего желать нельзя. Ведь все льется свободно. Ведь лица все живые и, дей­ствительно, их, как живых, видишь и слышишь... Одним словом, «ткань» нового толстовского рома­ на такая же, как в лучших его вещах. В чем же дело? Думаю, что в первый раз мы явственно ощутили границу толстовского дара, как бы коснулись «дна». Дальше, глубже идти он не может, — меж­ду тем как та жизнь, которую воссоздает, пред­ставляет или описывает автор, идет и дальше, и глубже... 
Толстой, в сущности, захотел написать новую «Войну и мир», — огромный роман, где чередуют­ся картины частного, скромного существования с картинами великих потрясений. Сравнение с «Вой­ной и миром» никому не может быть выгодно, и никаких параллелей я проводить не собираюсь. Но все-таки следует сказать, что такой замысел требует такой же внутренней мощи. Не важно ведь, что в «Войне и мире» все характеристики безоши­бочны и все описания наглядны, — важно, что над целым витают душа и сознание автора, как Сава­оф над хаосом. И постоянное присутствие этой души, проникая в каждое слово, в каждую мель­чайшую мелочь, всему дает единую, непрерывную жизнь. Автор «Войны и мира» знает нечто для себя несомненное о человеческом бытии, и с этой точ­ки зрения героев своих не то что судит, нет, — но располагает и освещает. У него все «координировано». То же самое можно сказать о Флобере и, в особенности, о Бальзаке. Алексей Толстой восхи­тительно пишет, — страницу за страницей, главу за главой. Но он не способен подняться над це­лым, окинуть все одним взглядом. Наблюдатель он превосходный, но художник все-таки ограни­ченный. После «Восемнадцатого года» обольщать­ся больше нечего. Одной небрежностью или тороп­ливостью неудачу Толстого объяснить нельзя. Тол­стой оказался не в силах охватить свое создание, и, ничем не сдерживаемое, оно разваливается. 
Как вероятно помнит читатель, первая часть трилогии «Хождение по мукам» начиналась с опи­сания Петербурга в предвоенные годы и кончалась революцией. В предисловии Толстой обещал, что вся трилогия отразит «трагическое десятилетие русской истории». Тогда же он характеризовал «Восемнадцатый год» так: 
«Вторая часть трилогии происходит между 17 и 22 годами, в то время, когда Россия переживала нерадостную радость свободы, гнилостный яд вой­ны, бродивший в крови народа, анархию и бред, быть может, гениальный, о завоевании мира, о новой жизни на земле, междоусобную войну, ни­щету, голод, почти уже нечеловеческие деяния... Грядущее стоит черной мглой перед глазами». 
Третья часть, по мысли автора, должна стать «апофеозом русской женщины». О ней говорить рано: поживем — увидим. Но «Восемнадцатый год» не оправдывает широковещательных обещаний Толстого. 
Герои «мирной» части романа те же, что были и прежде: две сестры, Катя и Даша, их мужья, их отец, Дмитрий Степанович Булавин, — и другие. Конечно, в восемнадцатом году их существование менее благополучно. Гражданская война раздели­ на прежних друзей. Одни воюют против других, жены разлучены с мужьями, Даша стала чуть ли не террористкой, Катя — махновской пленницей, доктор Булавин — министром какого-то недолго­ вечного правительства. Главнейшая, во всяком случае количественно самая значительная часть романа занята военными сценами. Вероятно, ху­дожественное чутье Толстого было смущено тем, что события, им описываемые, еще слишком от нас близки, многие участники их еще живы и что, рассказывая о них, он волей-неволей превращает­ся из романиста в репортера. Корнилов, Каледин, Алексеев, Деникин, Колчак, Керенский, больше­вистские вожди — их ведь нельзя «воссоздать», пока они еще не отошли в прошлое и легенда не окутала их имена. Толстому, несомненно, внуши­ ли в советской России, что отсутствия перспекти­вы опасаться нечего и, даже наоборот, необходи­мо писателю писать лишь о самом злободневном, «а не о каких-нибудь там Людовиках». Толстой поверил — и за доверчивость жестоко поплатил­ся. Его военные сцены в целом сухи и скучны, как отчет. Невозможно следить за ходом действия в них: если это история, то лучше взять учебник; если это литература, то незачем механически за­ громождать ее названиями и подробностями, ко­торые ни чувству, ни мысли ничего не говорят. Кое-какие военные главы все же очень хороши, — например, те, где появляется красный главноко­мандующий Сорокин, безумный и спившийся че­ловек, с пеной у рта, с глазами, налитыми кро­вью, бросающийся в безнадежные атаки. Тут Тол­ стой становится самим собой. 
Страницы «мира» прекрасны. Но связь их со страницами военными — чисто внешняя. Да и все, что приходится перенести и пережить Даше с Ка­тей, как-то плохо объясняется ужасами граждан­ской розни. Над временем, над всей панорамой своей Толстой, повторяю, возвыситься не сумел. Он бродит среди своих героев вслепую, как один из них, как равный между равных. Присматрива­ется, подмечает, рассказывает. Но куда движется то, о чем он рассказывает, какой смысл происхо­дящего вокруг, каково его собственное отношение ко всему этому, — он не только не знает, но и подумать не догадывается. Оси вращения Толстой не чувствует и ее не ищет. 
Отсутствие объединяющего сознания Толстой мог заменить чем-либо другим в небольших ве­щах. В огромном романе оно оказалось отсутстви­ем жизни. 


­ 
";1928
Циники;Мариенгоф А.;"Существуют «бродячие темы». Они приходят одновременно к различным писателям, носятся в воздухе и подсказываются временем или событиями. Они создают иллюзию влияния одного писателя на другого, иллюзию какой-то их взаим­ной зависимости, и трудно бывает иногда поверить, перекликающиеся авторы не знают друг друга по имени. Совпадение кажется невероятным, хотя оно повторяется и повторялось постоянно, и пора бы к нему уже и привыкнуть. 
Есть сейчас несколько таких тем — одну из них можно было бы назвать темой «ликвидации». Она в России распространеннее, чем на Западе, вероятно по двум причинам: потому что в России для ликвидации, для проверки и пересмотра сей­час больше материала, и еще потому, что русские беллетристы еще не отвернулись от быта, от быто­вых «зарисовок». На Западе писатели сейчас за­няты человеком вне времени и пространства, че­ловеком вообще, — в России ищут и изображают героев нашего времени. Тема ликвидации в двух словах такова: пронеслась революция, «отшуме­ла», «отбушевала»; встревоженному сознанию ме­рещились невиданные картины; взбудораженную волю влекли небывалые задачи; было упоение, был восторг перед внезапно блеснувшими мировыми перспективами... И вот все кончилось. Ни рая на земле, ни равенства, ни счастья — опять лихачи на Тверской, «шикарные кафе» и нищета рядом. Ждать больше нечего, верить больше не во что. 
Как издевался когда-то К. Леонтьев — «для того ли Цезарь переходил Рубикон и Александр в пернатом каком-нибудь шлеме шел в Индию, что­ бы на развалинах всего этого былого великолепия копошился теперь “буржуа!”» — так многие юно­ши в Москве, и особенно в русской глуши растерянно спрашивали себя: для того ли, за это ли мы  «боролись»? И наступило безразличье ко всему, что происходило вокруг. Об этом написано в России за последнее время много книг, и прежде всего в их ряду надо назвать повесть Ал. Толстого «Голубые города». Есть от­ голосок этой темы и в «Воре» Леонова, но там она не является главной и в сложном движении этого замечательного романа она порой теряется. На Западе роль революции сыграла война. Конеч­но, война оставила меньший след в душах, мень­ше ломки произвела во внешнем быту. Но и война для многих участников ее осталась «незабыва­емой», по той простоте отношений к жизни и смер­ти, которую она с собой принесла, по чувству глу­бокого братства, которым она связала сражавших­ся. Изнеженный и утонченный герой одного из последних романов Поля Бурже («Le danseur mon­ dain»), писателя правдивого и по «уловлению на­ строений» очень опытного — вспоминает о фронте приблизительно так же, как у Ал. Толстого его Буженинов бредит о «голубой Москве», и совер­шенно одинаково оба они оказываются неспособ­ны к будничной жизни. 
Вот еще одна ликвидационная книга: «Цини­ки», роман Мариенгофа. Она отчасти выходит за пределы этой темы, но внушена ею же. В сущности, в глубине ее лежит не только вопрос: «как пере­стать быть революционером?», но и вопрос следу­ющий, дальнейший: «как перестать быть челове­ком?» Книга странная и, местами, отвратительная, но умная, резкая и отчетливая. Автор ее — до­ вольно известный поэт, бывший футурист, бывший имажинист, и сводит он счеты не только с рево­люцией, но, кажется, и со средой, в которой долго жил, с духовным наследием этой среды. 
В романе три главных действующих лица: Оль­га, ответственная работница. Кстати, диалог при ее зачислении на службу: 
— Делать вы что-нибудь умеете? — Конечно, нет. — Н-да... в таком случае Вас придется устро­ить на ответственную должность. Сергей, видный коммунист, и «я», рассказчик,  брат Сергея. Рассказ ведется короткими, микроско­пическими главками, вперемежку с сообщениями с фронта, справками о голодающих и ленинскими декретами. Стиль бедный и однообразно-хлесткий. В Ольгу влюблен «я» и влюблен Сергей. Ольга недоумевает, как можно будет жить в Москве, если в лавках не окажется «золотого герленовского ка­рандашика для губ», но в то же время, получив от какого-то сумасброда пятнадцать тысяч долларов «за ночь», отдает их по велению революционной совести на голодающих. 
«Я» изнывает от страсти к Ольге, но, узнав из ее же уст об измене, решается только «попросить ее об одном пустяке»: 
— Примите, пожалуйста, ванну. На что Ольга с улыбкой отвечает: — Конечно. Сергей расстреливает Ольгиного брата и пре­дает ее друзей, хотя и у него «золотое сердце»... Все в том же роде. «Автор» — знаток и ценитель искусства, но вдруг разражается следующей тира­дой: «Что может быть отвратительнее музыки? Никак не могу понять, почему люди, которые жрут блины, не говорят, что занимаются искусством, а люди, которые жрут музыку, говорят это... Меня никто не убедит, что в гениальной симфонии боль­ше содержания, чем в гениальном салате». Дру­гие афоризмы его таковы, что их не совсем удобно перепечатывать. 
Под оболочкой «цинизма», по замыслу Ма­риенгофа, должны, очевидно, скрываться настоя­щие чувства, должна двигаться настоящая жизнь. Ирония заглавия несомненна. Ольга в конце кон­цов кончает самоубийством — от беспричинной тоски. Последняя фраза авторского дневника зву­чит грустно-лирически... Не слишком опустоше­ны Мариенгофом его герои: им иногда удивляешься, им ни минуты ни в чем не сочувствуешь. Эти искалеченные несчастные существа даже не по­хожи на людей, и на фоне революции, под ее то вздымающийся, то падающий аккомпанемент, они бродят как тени. Стать ей «созвучными» им ни­ как не удается. 
Что такое эта книга? Бесстрастная запись или обвинительный акт с благонамеренной тенденцией, или «психологический этюд», или горькая автор­ская исповедь? Не знаю. Но книга любопытная. 

";1928
Пролетарский классик;Гладков Ф.;"Как деды и отцы наши читали «Войну и мир», так и мы будем читать «Цемент» Гладкова...» Это выдержка из статьи, появившей­ 
ся недавно в барбюсовском журнале «Monde». «Гладков наиболее совестливый из писателей нашей эпохи... Он заглядывает в глубочайшие тай­ ники человеческой души... Он вскрывает действие  вулканических сил, сотрясающих мир...» Так отзывается о «Цементе» П. Коган, кри­тик, хорошо знающий, чем выгодно бывает в Рос­сии восхититься и что полезно ругать. «“Цемент” — самое значительное и ценное яв­ление послеоктябрьской художественной литера­туры», — утверждает «Красная новь». Отзывы о «Цементе» я выбираю наудачу. Их в советской печати огромное количество, и приве­сти хотя бы десятую часть их нет возможности. 
Всякий, кто хоть поверхностно следит за совет­скими литературными делами, знает, что без ссыл­ и на «Цемент», без сравнения с ним или какого- либо указания на него не обходится в советских журналах ни одна статья. «Цемент» — роман бое­вой, «актуальный» и «ударный». Появилось это произведение четыре года тому назад. Сказать, что на него обратили внимание — значит, в сущно­сти, ничего не сказать: о «Цементе» прокричали, протрубили на весь мир и добились того, что ро­ман этот оказался переведен на одиннадцать языков, а какие-то слабоумные даже сравнивают Глад­кова с самим Толстым. В России «Цемент» вышел недавно двенадцатым изданием, причем одно это двенадцатое издание состоит из пятидесяти тысяч экземпляров. Конечно, количество экземпляров, выпускаемое казенным издательством, нисколько не показательно для действительных вкусов чита­телей. Как все знают, книги в России не столько предлагаются, сколько навязываются — особенно в клубы и библиотеки. Но цифра все-таки внуши­nельная, даже и при этих условиях. Кроме того, известно, что на «Цемент» в большинстве библио­тек установлена очередь, — по-видимому, успех его не совсем дутый. Как бы то ни было, сотни тысяч человек прочли и еще прочтут в России этот роман. Им растолковывается, что книга эта должна быть настольной у каждого советского гражда­нина и вместе с наслаждением принесет ему пользу. «В целях информации» вам следует с «Цементом» близко познакомиться. 
Бывают книги, о которых сомневаешься, хо­роша она или плоха, — т. е. не сомневаясь в том, нравится она лично тебе или нет, твердо это зная, колеблешься относительно ее безусловных, неза­висимых от личного пристрастия достоинств. Ино­гда отталкивает манера письма, и случается, что, морщась над какой-нибудь страницей, сознаешь все-таки, что по-своему она выразительна. Иногда отталкивает дух книги, и, не примиряясь с ним, чувствуешь все-таки его силу. Мало ли может каж­дый из нас вспомнить примеров, вызывающих эти смешанные неотчетливые чувства? Но никаких со­ мнений и колебаний не вызывает Гладков. Не могу представить себе, как может человек правдивый и хоть сколько-нибудь взыскательный, хоть немно­го разбирающийся, не сказать сразу, что Гладков совершенно и безнадежно бездарен. Притом я по­мню, что о «Цементе» в последнее время высказа­ли самые одобрительные мнения люди, которых ни в малодушии, ни в литературной безграмотно­сти не заподозришь — чуть ли не Ромен Роллан отозвался о Гладкове как о «многообещающем ро­стке». По совести говоря, не знаю, как это объяс­нить. Или Ромен Роллан поверил на слово кому- нибудь из своих друзей, что Гладков «росток» и даже многообещающий, или французский перевод­ чик приукрасил роман, или... какое угодно готов допустить «или», но остаюсь при твердом убежде­нии, что «Цемент» — произведение пустое и мерт­ворожденное и что мои личные вкусы или склон­ности в этой оценке роли не играют. 
Собственно, официальный триумф Гладкова ни­ чего удивительного собой не представляет. По идео­логической выдержанности, по чистоте марксист­ского миросозерцания и температуре коммунисти­ческого пыла Гладков соперников имеет немного. Начать с того, что для него, кроме «партии», другого мира нет, все герои его — «партийцы», клянутся и божатся они только именем Ленина, а «чистка» из партии, то есть исключение из нее представляется им величайшим, ужаснейшим из несчастий, кото­рые могут постичь человека на земле. Один из гладковских героев, притом еще наименее стойкий, из интеллигентов-меншевиков, философствует: 
«Нужно одно: партия и работа для партии. Личного нет. Что такое любовь? Что такое вопро­сы и мысли, ноющие под черепом? Все это отрыж­ка проклятого прошлого. Все это должно быть вытравлено до самых истоков. Все эти больные клеточки мозга надо убить. Есть только одно — партия, и все до последнего волоса должно быть отдано партии...» 
Другие даже и так не философствуют: это для них давно уже дважды два. 
В «Цементе» две основные темы — это боль и строительство. Первая означает личное начало жиз­ни, вторая — общественное. Личное вступает с общественным в борьбу, отсюда «трагическая кол­лизия». Впрочем, особой коллизии не получается, ибо в душах гладковских героев победа общего предрешена, и одерживается она без труда, «без нытья и всякой там истерики». 
Глеб Чумалов, комиссар полка, возвращается по окончании гражданской войны на родной за­вод. Завод разорен и бездействует. У Глеба одна только мысль — восстановить его, и это-то и есть тема строительства, проходящая через всю книгу. На первых страницах ее завод кажется обречен­ным, рабочие деморализованы, ржавые машины годны лишь на слом. В последних — завод пышет пламенем, рабочие дружно празднуют начало ра­ бот, и Глеб произносит речь: «Это наша воля... наша борьба... это мы... в этом мы... мы все... еди­ным духом... К победе, товарищи...» 
Под этот мажорный аккорд занавес опускается. 
Не было бы ни сучка ни задоринки, если бы не любовь... У Чумалова есть жена, Даша. За годы отсутствия Глеба она стала «новой женщиной» и далеко опередила мужа. Глебу, например, хочется «ласки», а Даша поучает его: «Ты еще животное, и баба нужна тебе на подстилку... Ты хороший вояка, а в жизни ты плохой коммунист». Даша ничего в жизни не знает, кроме жен­ отдела, где она работает, нарпита, откуда получа­ет указания, и детдома, куда заходит проведать свою дочь. Нелады отсталого Глеба с безукориз­ненно выдержанной Дашей кончаются тем, что Даша его бросает, и хотя сама не знает, «как устро­ить свою половую жизнь», все же с Глебом жить она не хочет. Символика романа несложна — за­ вод восстановлен, Глеб с Дашей расходятся, общее торжествует, личное гибнет. Дашу и Глеба окружают в романе другие «пар­тийцы»: молодцеватый предисполком, который од­нажды овладевает Дашей, заставляя ее против воли испытать «незабываемую бабью страсть», Поля Мехова, «товарищ Мехова», которая не в силах при­ мириться с нэпом, плачет, глядя на открытие лав­ки и кафе, с тоской вспоминает октябрьские дни и во всем этом признается на партийной проверке, вызывая ироническое замечание экзаменатора: 
— А вы не находите, товарищ, что эта Ваша лирика похожа на то левое ребячество, о котором недавно говорил товарищ Ленин? 
Товарищ Жидкий, товарищ Жук, товарищ Лехава и другие. Один только есть не партийный ге­ рой, не товарищ, а гражданин, — инженер Клейст. Но и его не минует благодать, в конце романа и он прозревает, хотя был еще недавно отъявленным контрреволюционером: 
— Для меня уже нет иной жизни, как с вами, и нет для меня иного творчества, помимо борьбы за создание новой культуры. 
Партия заменила Гладкову жизнь. Оттого в «Цементе» нет никакой силы, никакой свободы — все схематично, все заранее угадывается и совер­шается по указке. Даша, Глеб, Поля Мехова и Ба­дьин движутся, беседуют, спят, пьют, едят, но это даже не автоматы, т. к. они даже не созданы по образцу и подобию человека. У них нет характе­ра, воли, сердца, ума, — есть только поступки, которые приписывает им автор и которые они со­вершают как бы по какому-то плану, заставля­ющему Дашу быть «стопроцентной» коммунисткой, Мехову — истеричкой и т. д. Поступки ничем, кроме теоретических соображений, не объединены. Роман Гладкова в лучшем случае — лишь иллюстрация к партийному учебнику, но как о ху­дожественном произведении о нем говорить просто- напросто невозможно. Ведь в жизни и в художе­ственном творчестве всегда есть одно постоянное свойство — неожиданность, невозможность пред­видения. Именно это подразумевается в обычном сравнении творчества с игрой. Да, игра, у которой может быть и есть какая-то отдаленная цель, но которая идет к ней, сама того не замечая, радуясь созданию нового и создавая его, когда и где вздума­ется. Иного творчества никогда не было, никогда не будет. Гладковский роман так же уныл и плос­ко тенденциозен, как самые унылые и плоские, давно забытые повести шестидесятых и семидеся­тых годов. Мало значения имеет то, что там была просветительная сентиментальность, а у Гладкова «романтика и героизм»: и то и другое осталось бла­гим порывом. Героизм Гладкова не воплощен в слове, не проверен внутренним опытом. Героизм этот — голословное утверждение, лишенное вся­ кой убедительности. 
Пафос революции и по нашему мнению может быть творческим, но его нет у Гладкова. 
Еще одно замечание: можно решить, вероятно, что эти литературно-художественные споры боль­шого значения теперь не имеют — идут теперь споры и поважнее. На это ответим следующее: пусть так, но ведь «книга образует человека». Этого-то, кажется, уже никто не отрицает. И вот, по гладковскому роману у тысяч и тысяч людей создает­ся образ существования, где все делится на черное и белое, все просто, как в задаче, к которой тут же приложено и решение. А начнут эти люди жить, и сразу будут неизбежно сбиты с толку сложностью и неразрешимостью жизни, и с ложным, лубочным представлением о ней окажутся окончательно бес­ помощны. 
Несколько слов в заключение о том, как на­ писан роман. Будто сознавая, что все в «Цементе» подделка и выдумка, Гладков для соответствия формы содержанию, и вместо языка предлагает какой-то приторный, назойливо художественный суррогат. Откроем «Цемент» на первой странице: 
«Море кипело горячим молоком и осколками солнца... Март еще кудрявился в зарослях...» 
Дальше: «Жук пьяно облизал Глеба мясными глазами, 
вздрогнул радостью в лице». Простая деревенская баба говорит: 
— Я затерзалась. Ведь и у меня были дети, и я была мать. Где они, почему я не мать? Хочу гнез­ да, хочу цыплят! 
Все описания и все речи таковы. «Думается, что социально-патетический, буй­ный, возвышенный стиль Гладкова выражает дер­зающую романтику победоносно поднимающегося класса», замечает анонимный автор послесловия к «Цементу». 
Нам думается совсем другое: Гладков пытается пышно-цветистым стилем скрыть свое скудоумие, свое удручающее бездушие — и тщетно, конечно. 




";1929
Смерть Грибоедова;Тынянов Ю.;"Мало кто знает персидский язык и немногие поймут по названию романа Юрия Тынянова «Смерть Вазир-Мухтара», что в нем говорится о гибели Грибоедова. Вазир-Мухтар значит по-пер­сидски посланник, полномочный министр. При­страстие к экзотической красочности побудило Тынянова предпочесть это название русскому. 
Роман появился как нельзя более вовремя. 11 февраля исполняется ведь сто лет со дня смер­ти Грибоедова, и для тех, кто захочет в эти дни о поэте вспомнить, книга Тынянова — редкостная находка. В ней очень много сведений, сведения эти в общем верны, а от чтения романа, даже и сухо­ватого, в памяти всегда остается больше, чем от обыкновенного исследования. Встречаются люди, которые при самом слабом понятии о средневеко­вой истории удивляют порой знанием мелких подробностей о Людовике XI, Карле Смелом или ка­ких-нибудь тамплиерах, — откуда? Из Вальтера Скотта, конечно: они запомнили его на всю жизнь. Тынянов далеко не Вальтер Скотт, но назвать его совсем бездарным романистом нельзя. Ему удает­ся превратить своих героев в настоящих людей, оживить обстановку и эпоху, вообще возвысить свое повествование над протоколом. Как с первого взгляда это ни странно, наименее живое лицо в его романе — сам Грибоедов. Но на это есть причина. Тынянов не в состоянии был «выдумать» или создать Грибоедова, он для этого слишком слабый художник, а из того, что мы о Грибоедове знаем, живого человека не сложить, и образ его в нашем представлении двоится. О каждом из крупнейших русских писателей мы, даже не будучи биографа­ми их, знаем, что это были за личности и характе­ры. Спросить среднеобразованного человека о Пуш­кине или Гоголе, Некрасове или Тургеневе — о ком угодно — он более или менее верно их главнейшие черты укажет, назовет самое существен­ное. Спросить о Грибоедове — не ответит ничего. Дипломат и поэт, но что за человек? Грибоедов ускользает от нас, и такой ускользающей, почти загадочной тенью он в нашей литературе остался. Пушкин довольно двусмысленно сказал о нем: «рожденный с честолюбием, равным его дарова­ниям...» Федор Сологуб в коротенькой, ядовитой и остроумной статье утверждал, что, судя по пор­трету, Грибоедов был скорее всего Молчалиным. Я не помню точно слов Сологуба, и у меня нет под рукой его сочинений, но приблизительно Сологуб писал так: 
«Посмотрите на эту слегка склоненную голо­ву, с чем-то неуловимо уродливым в самом накло­не ее, на эти глаза, осторожно поблескивающие из-за очков, на весь этот облик удачливого и до­ вольного своими успехами чиновника — ему ли было тошно прислуживаться?» 
Но Молчалин не мог бы написать «Горе от ума». Неясность Грибоедова усиливается еще тем, что «Горе от ума» единственное его долговечное создание, все же остальные его наброски — сколь­ ко бы ни пытались его поклонники возвеличить и эту часть грибоедовского наследия — незначи­тельны и признаков особой талантливости не обнаруживают. К тому же, по личным признаниям Грибоедова, нам известно, что знаменитая его ко медия представляет собой далеко не то, о чем он мечтал. Нас пленяет в «Горе от ума» блеск, точность и меткость диалога, афористичность доброй поло­ вины стихов, законченность и полнота характе­ристик. А ведь Грибоедов жаловался, что он иска­зил комедию, снизил тон ее, и, насколько можно его слова понять, ему рисовалась в первоначаль­ном замысле не столько картина нравов, сколько байроническая поэма с образами туманными и гран­диозными, где Чацкий негодовал бы не на москов­ских бездельников и приживалов, а на несправед­ливости Бога или рока. Что это была бы за поэма? С некоторой опаской думаешь о ней. 
Может быть, именно то, что ценим мы в «Горе от ума», не удовлетворяло Грибоедова и представ­лялось ему недостойной высокого искусства ме­лочностью. И в том виде, какой приняла коме­дия, — где сам автор? Обыкновенно его отожде­ствляют с Чацким. Можно думать, что к такому толкованию своего произведения склонен был сам Грибоедов. Сочувствие его Чацкому несомненно, и в интонациях речей героя комедии чувствует­ся личное, авторское, грибоедовское волнение. Но опять вспомним Пушкина: «Чацкий совсем не умен, но Грибоедов очень умен». Пушкин разде­ляет Грибоедова и Чацкого, надо заметить, немного слишком своевольно и как-то не договаривая, чем же умен Грибоедов, если глуп Чацкий. Ведь всякий суд только в том случае имеет значение, когда основательна или справедлива исходная точка зрения. Грибоедов судит московское общество с точки зрения Чацкого, и если Чацкий глуп, то все построение его рушится. Чацкого-то Гри­боедов ведь не судит, он его словами говорит, и Пушкин, низведя героя с пьедестала, лишает всю комедию значения, превращает ее в фарс. По существу Пушкин едва ли прав: Чацкий не глуп, он только болтлив и нерасчетлив. Полного знака равенства между Грибоедовым и Чацким поста­ вить, конечно, нельзя, но, по-видимому, дело сво­дится все же к тому, что Грибоедов не был так простодушен, как его создание, не был так поры­вист. Мысли же Чацкого, эта смесь просвещен­ного либерального национализма с общероманти­ческими отголосками, были его мыслями, и он только охлаждал их некоторым «уменьем жить», свойством, которым бедный Чацкий похвастать­ся не мог. 
Во всяком случае надо признаться, что Грибое­дова мы мало знаем и, догадываясь о нем, бродим как будто впотьмах. У Тынянова Грибоедов представ­лен фигурой сомнамбулической, живущей почти бессознательно, что-то делающей, что-то говорящей и по какому-то непреложному предначертанию иду­щей к гибели. Эффектно, но неубедительно. Ни одной живой чертой наше представление об авто­ре «Горя от ума» Тынянов не обогатил. 
Как написана «Смерть Вазир-Мухтара»? В при­ложенном к книге аттестате, выданном Юрию Ты­нянову московским журнальчиком «На посту», доводится до всеобщего сведения, что «литератур­ное мастерство автора очень высоко». О первом ро­мане Тынянова — «Кюхля» — говорилось в свое вре­мя то же самое и говорилось, скорей всего, a priori, без проверки: как известно, Тынянов видный тео­ретик, ученый формалист, исследователь литера­турных схем — казалось несомненным, что все свои познания он применит на практике, блеснет изыс­каннейшим искусством. Но есть глубокая пропасть между механическим умением и творческим опы­том. Не «приложу ума», в чем усмотрели «напостовцы» высокое мастерство Тынянова — я его не заметил. Есть иногда изощренность, есть постоянно тщетное желание писать иначе, нежели писали до сих пор, есть утомительная показная «литературность» — можно сказать, как один из француз­ских критиков: 
«Автор все время прицеливается, но патроны у него холостые». 
Мне кажется даже, что скорей у Тынянова имеется непосредственное, скромное, но все же подлинное дарование рассказчика, чем «высокое мастерство». Не хочу быть голословным. Вот Ты­нянов описывает ночь: 
«Стояла ночь. 
На всем протяжении России и Кавказа стояла бесприютная, одичалая, перепончатая ночь. 
Нессельроде спал в своей постели, завернув как петух оголтелый клюв в одеяло. 
Ровно дышал в тонком белье сухопарый Мак­дональд, обнимая упругую, как струна, супругу. 
Усталая от прыжков без мыслей, спала в Пе­тербурге, раскинувшись, Катя. 
Пушкин бодрыми маленькими шажками пры­гал по кабинету, как обезьяна в пустыне, и при­сматривался к книгам на полке. 
Храпел в Тифлисе неподалеку генерал Синягин, свистя по-детски носом. 
И все были бездомны. Не было власти на земле. Герцог Веллингтон и Сент-Джемский кабинет 
в полном составе задыхались в подушках. Дышал белой немужской грудью Николай. Они притворялись властью. И спал за звездами, в тяжелых окладах, дале­кий необычайно, и император императоров, мит­рополит митрополитов — Бог...» 
Как все это старо, как беспомощно, как пло­хо — говоря попросту. Если это мастерство, то луч­ше уж не быть мастером. 
Роман относится к последним годам жизни Грибоедова — с назначения его послом в Персию. Сначала описывается Москва, встреча поэта с Чаадаевым и генералом Ермоловым, опальным «проконсулом Кавказа». В этих эпизодах много удачного, особенно в ермоловском. Чаадаев пред­ ставлен довольно карикатурно, но все-таки глава о нем интересна. Дальше Петербург, где Грибо­едов несколько раз встречается с Пушкиным. Об этих встречах ничего примечательного в романе мы не найдем, разве только намеки на осторож­ное, как бы выжидательное, отношение Пуш­кина к Грибоедову. Очень много рассказывается в этих главах о Булгарине и почти все — любо­пытно. Гораздо слабее изображение Николая I, которого Тынянов большей частью называет анонимно «известным лицом» — для придания ка­ кого-то символического зловещия, по-видимому. Сцена приема у императора сразу вызывает в памяти такую же сцену в «Хаджи-Мурате», — одну из самых блистательных, поразительных страниц Льва Толстого. Не следует сравнивать, скажут нам. Но не следует и подвергаться риску подобных сравнений, не следует повторять непо­вторимое. 
Отъезд Грибоедова в Персию, остановка в Теге­ ране, переговоры с Паскевичем, царским «отцом- командиром», изображенным с насмешливой отчет­ливостью, женитьба на Нине Чавчавадзе, прибы­тие в Тегеран, дипломатические хлопоты, грозные предчувствия, наконец, смерть — такова важней­шая часть романа. Чем ближе к концу, тем на­пряженнее внимание читателя. Заслуга Тынянова тут невелика: такова тема. 
«Не знаю ничего завиднее последних годов бурной его жизни. Самая смерть, постигшая его посреди смелого неравного боя, не имела для Гри­боедова ничего ужасного, ничего утомительного. Она была мгновенна и прекрасна». 
Это слова Пушкина из «Путешествия в Арзрум». 
Цитатой из дорожных записок Пушкина и кончается роман: 
— Что везете? — Грибоеда. Но нельзя быть уверенным, что в добротном 
гробу везли действительно Грибоедова. Нелегко было опознать его искалеченное растерзанное тело среди трупов других «чинов российского по­сольства» . 
­ 
Пушкин, вероятно, не любил Грибоедова. От­ того он решился сказать, что в смерти его не было «ничего ужасного». В сущности и мы, ценя и вы­соко ставя Грибоедова, восхищаясь им, — его едва ли любим. Оттого и о судьбе его мы наполовину забыли. Что смерть его могла бы внушить людям «ужас и жалость», — чувствуешь даже по холод­ ному повествованию Юрия Тынянова. 




";1929
Зависть;Олеша Ю.;"Имя Юрия Олеши еще два года тому назад не было в России никому известно. Теперь этот писатель один из тех, о ком больше всего говорят, и созданный им тип Кавалерова упоминается в кри­тических статьях без пояснений, как упоминают­ся Рудин или, например, Передонов. 
Единственный роман Олеши «Зависть» доста­вил ему славу, и надо признать, что слава эта не имеет ничего общего с искусственно и бессмыслен­но раздутыми репутациями вроде репутации Глад­кова, Либединского, Ляшко, Семенова и других эфемерных знаменитостей. Олеша — настоящий писатель, не очень крупный, но умный и острый. Роман его из недавно вышедших книг естествен­ нее всего было бы сравнить с «Циниками» Мариен­гофа, причем за Олешей остается преимущество и в силе изобразительности, и в точности анализа. 
Обе книги отдаленно родственны — не столько темой, сколько тоном безнадежным и насмешли­вым. Роман Олеши написан тщательней, в нем меньше самолюбования и хлесткости, больше зорко­сти. Вспоминается при чтении его и другая вещь — повесть Фадеева «Разгром», к сожалению, мало кем у нас здесь замеченная. 
«Зависть» — интереснейшая книга. По име­ющимся у меня сведениям, Олеша человек не очень молодой, ему лет под сорок. Поэтому считать его надеждой не приходится. Но позднее его вступление в литературу помогло ему обойтись в ней без ученических опытов, которые благодушной кри­тикой поощряются и приветствуются, но читате­лям не нужны. 
В романе два главных героя — Андрей Баби­чев и Николай Кавалеров. Бабичев — советский сановник, директор пищевого треста, хозяйствен­ ник и строитель. Он весел, бодр, полнокровен, доб­родушен, шумлив, и начинается роман с характернейшей, попавшей уже кажется в советские антологии, сцены, где Бабичев в уборной поет и радуется собственному здоровью. Бабичев весь по­глощен мыслью о создании общедоступной столо­вой под названием «Четвертак», а когда ему удается выпустить с фабрики какую-то особенно де­шевую и доброкачественную колбасу, он ликует как победитель и без устали кричит в телефон: 
— Хо-хо! Совершенно превосходная! На вы­ ставку пошлем! В Милан пошлем! Семьдесят про­ центов телятины! Нет, не полтинник, чудак Вы! Полтинник! Хо-хо! По тридцать пять! Здорово? 
У Бабичева имеется роскошная просторная квартира. Как-то возвращаясь вечером домой, он подобрал у пивной пьяненького человека не то из жалости, не то из сумасбродства и поселил его у себя. Зовут человека — Кавалеров, «имя высоко­ парное и низкопробное». Он интеллигент, он не­ казист, мал ростом, щупл — полная противо­положность Бабичеву. И оттого, что Бабичев его пожалел, от сознания своего ничтожества перед ним и необходимости быть ему благодарным, Ка­валеров проникается жгучей ненавистью к Баби­чеву. Ни о чем другом он не в состоянии думать, и хотя ненависть эта в основе своей имеет нечто лич­но физиологическое, она в романе постепенно вы­растает до общей вражды старого к новому, мира умирающего к миру рождающемуся. Таково, по крайней мере, обобщение Олеши. Кавалеров не может понять бабичевского «пламенения», он пре­зирает его порывы, восторги: 
«Замечательный человек, Андрей Бабичев, член общества политкаторжан, правитель, считает се­годняшний день праздником. Только потому, что ему показали колбасу нового сорта... Неужели это праздник? Неужели это слава? 
Меня разбирает злоба... Он строит новый мир. А слава в этом мире вспыхивает оттого, что из рук колбасника вышел новый сорт колбасы. Не о такой славе говорили мне жизнеописания, па­мятники, история... Значит, природа славы из­менилась» . 
Кавалеров хочет восстать на Бабичева. «За нежность, за пафос, за личность, за имена волнующие, как имя Офелия, за все, что Вы по­давляете». Есть еще герой в романе — брат Бабичева, Иван. Он, как и Кавалеров, несчастен, забит, у него Бабичев отобрал дочь, он пьянствует и философст­вует, носится с изобретением какой-то волшебной Машины, которая должна все в мире разрешить и устроить. Он тоже «обломок», и вот он объясняет Кавалерову: 
— Зависть... Да, тут должна разыграться дра­ма, одна из тех, которые долго вызывают плач, восторги, сожаления и гнев человечества. Вы, сами того не понимая, являетесь носителем историчес­кой миссии. Вы, так сказать, сгусток. Вы сгусток зависти погибающей эпохи... 
— Что же мне делать? 
— Милый мой, тут надо примириться, или... устроить скандал. Хлопните, как говорится, две­рью. Чтобы шрам остался на морде истории, блес­ните, черт Вас подери. Ведь все равно Вас не пус­тят туда». 
Однако подлинно новый человек — еще не сам Бабичев. Бабичев только предтеча. Подлинно но­вый человек — это Володя Макаров, воспитанник Бабичева, футболист, комсомолец, «индустриаль­ная личность», как он сам себя аттестует. Его-то Кавалеров готов на куски растерзать. Дело ослож­няется еще тем, что в их жизнь вмешивается не­кая Валя, обольстительная девица, типа тоже ско­рее «индустриального ». 
Иван Бабичев в конце концов прозревает: «Я ошибся... Я думал, что все чувства погиб­ ли — любовь и преданность, и нежность, но все 
осталось, Валя. Только не для нас, а нам осталась только зависть и зависть... Выпьем, Кавалеров! Будем пить, Кавалеров, за молодость, которая про­шла, за заговор чувств, который проводится». 
Но Кавалеров пить не желает. Кавалеров оста­ется при особом мнении. Примирение для него невозможно. 
Роман вовсе не плоско тенденциозен, как это может показаться по пересказу. Взаимоотношения Кавалерова и Бабичева не исчерпываются обычны­ми, всем знакомыми схемами, и самые образы их жизненно сложны, жизненно противоречивы. Причудливейшая фантастика, идущая несомненно от Гофмана, вплетается в отчетливый и правдивый реализм. Некоторые чисто реалистические сцены романа написаны восхитительно, я не нахожу дру­гого слова: сцена игры в футбол, например, или расправа Ивана Бабичева с девочкой на берегу. 
Конечно, главное значение романа для совет­ской критики — в его идеологии. Но следует за­ метить, что Олеша дает в этом отношении только материал, толковать который каждый может, как ему угодно. В чертах Бабичева и Володи есть, не­сомненно, что-то комическое. Утверждает Олеша только то, что сейчас происходит разрыв двух эпох — но кто же этого не видит и не сознает. Его «беллетристический комментарий» к этому утверждению не страдает никаким предвзятым упрощением. Олеша склонен кое-что подчерки­вать, преувеличивать, но он не притворяется, что в теперешней исторической путанице все для него разложимо и понятно. Оттого ему удается остаться художником в романе, написанном на публици­стические темы. 


 

";1929
Преемник Лермонтова;Пильняк Б.;"Борис Пильняк— писатель настолько сбивчивый, расплывчатый и туманно-тревожный, что никогда, собственно, нельзя определенно ска­зать, о чем он пишет. Начнет какое-нибудь по­вествование, вполне отчетливое и ясное, сочинит страниц десять-пятнадцать в этом роде и дальше непременно перейдет на себя, на судьбу поэта, на Революцию — с большой буквы, конечно, — на снег, на ветры и метели, на мистическую и пре­красную Россию, на то, как он Россию любит, или как Россия любит его, и в конце концов так бес­конечно запутается, что остается ему один толь­ ко выход: поставить вовремя многоточие и вер­нуться к рассказу. В таких сладко-поэтических отступлениях утопают все вещи Пильняка, и если в небольших дозах эта нехитрая лирика могла бы оказаться и приятной, то когда она препод­носится целыми пудами везде и всюду, от ее на­зойливой чувствительности не знаешь как из­бавиться. 
При этом невозможно отрицать, что Пильняк — даровитый человек, вернее даровитая «натура», чутьем иногда находящая темы, слова, тон, кото­рые запоминаются. Но несомненная ограничен­ность Пильняка дает себя знать постоянно, почти в каждой фразе, и, конечно, она препятствует тому, чтобы Пильняк стал большим писателем. Таланта у него, может быть, и хватило бы, но, кроме та­ланта, настоящее творчество требует еще многого другого, чего у Пильняка в помине нет. При большей скромности он оказался бы приемлемее. Но так как Пильняк всегда взбирается на ходули, всегда вещает, голосит, витийствует или пророче­ствует, то он сам себя губит: нам не только не страшно, когда он нас «пугает», — нам чуть-чуть еще и смешно. 
Можно ли не улыбнуться, например, прочитав в новой повести Пильняка «Штосс в жизнь»1 — повесть о Лермонтове — следующие слова: 
«Пройдет сто лет, и мы сдвинемся с Лермон­товым на полках русской литературы, — не тем, что Лермонтов описывал пошляков, а я описывал метели революции, но тем, как мы видели, моли­лись, ошибались, жили, любили». 
«Le style c’est l’homme», — и, право, целая характеристика человека заключена в обезоружи­вающей наивности этого «мы с Лермонтовым». 
Пильняк пожелал рассказать о дуэли и смер­ти Лермонтова. Он воспользовался для этого не­ оконченной лермонтовской повестью о художнике Лугине, который поселяется в доме некоего Штос­са и ночью играет в штосс — карточную игру — с привидениями. У Лермонтова вся эта история, несмотря на каламбур, лежащий в завязке ее, имеет таинственно-трагический характер. Пильняк этот склад ее перенял. 
Повесть начинается с описания приезда Лер­монтова на Кавказ, в ссылку, появления его в офицерском собрании и беседы с новыми товари­щами. Первая глава повести картинна и ярка. Лермонтов, мрачно-мечтательный, беспокойный, насмешливый, с тяжелым «свинцовым» взглядом, которого никто не выдерживает, представлен среди провинциальных офицеров удачно. Дело происходит в ночь под Новый год. Лермонтов в красной шелковой рубахе с засученными рукавами варит жженку, играет в карты — все тот же штосс, — рассказывает экспромтом историю о художнике Лугине и, наконец, в полной тишине, после обыч­ных тостов «За здоровье государя императора», поднимает свой бокал: 
— Господа офицеры! Я пью — за смерть. 
— В чем дело, поручик? — спрашивает испу­ганный, добродушный командир полка. — Что за странные шутки? 
Лермонтов отвечает невнятно и уходит. 
Все это у Пильняка вышло неплохо. Но, Боже, что происходит дальше. Внезапно Пильняк реша­ет, что достаточно говорилось о Лермонтове, пора поговорить и о самом себе. Тут и начинается «мы с Лермонтовым». Пильняк, видите ли, тоже по­ бывал на Кавказе, только не в ссылке, как Лер­монтов, — нет: «меня купило управление Кавминвод — Кавказских минеральных вод — чтобы я читал лекции, показывал себя и составлял об­щество». Мы узнаем, что Пильняк прибыл на Кавказ на аэроплане, кстати, что «человеку на самолете гордо — за человека, за человеческого демона». Здесь Пильняк о Лермонтове явно за­ был и припомнил Максима Горького. Дальше со­ общается, что нашему известному беллетристу была заранее приготовлена комната на даче «Звез­дочка», что он на «Звездочке» встретил не менее известного критика Александра Константинови­ча Воронского, причем, встретившись, оба они «смеялись, целуясь». Затем идут вздохи о скуке, царящей на всех курортах, будь они пролетарскими или буржуазными, воспоминания о лек­циях, которые не без успеха прочитал Пильняк на Минеральных водах, возмущение дурными по­рядками в диетической столовой, замечания, что природа на Кавказе очень красива и что Пиль­няк понимает ее красоты столь же тонко, как и «Михаил Юрьевич». Все это переплетено с цита­тами из «Героя нашего времени», с биографичес­кими справками, все клонится к выводу, что душа Лермонтова переселилась в Пильняка или, во всяком случае, что Пильняк — прямой лермон­товский преемник. Эти главы ничтожны и тягост­ны. Неловко становится за автора. С этим чувством закрываешь книгу. 
В конце «Штосса» есть интересная страница о Мартынове. Немногие помнят, вероятно, о судьбе убийцы Лермонтова, — о том, как он всю свою долгую жизнь томился и даже приказал ничего не писать на своей могильной плите, чтобы самое имя его было стерто с лица земли. В поведении Мартынова есть достоинство, которое с ним отчасти примиряет. И тем более хочется помнить о нем, что рядом с Мартыновым, на «черной доске» рус­ской литературы, красуется великолепный Дантес, который уже глубоким стариком, в девяностых годах прошлого столетия, с жаром и увлечением говорил покойному А. Ф. Онегину: 
— Позвольте, позвольте! Я убил Пушкина... совершенно верно! Но я-то сам? Я ведь тоже мог быть убит. Не забывайте, cher monsieur, я был сенатором. 
 

";1929
Мих. Зощенко;Зощенко М.;"«Читатель пошел какой-то отчаянный. Накидывается он на французские и американские романы, а русскую отечественную литерату­ру в руки не берет. Ему, видите ли, охота увидеть этакий стремительный полет фантазии, этакий сю­жет, черт его знает какой. А где же все это взять? Где взять этот стремительный полет фантазии,  если российская действительность не такая? А что до революции, то опять-таки тут запя­тая. Стремительность тут есть. А попробуй ее опи­сать. Скажут — неверно. Неправильно, скажут. Научного, скажут, подхода нет к вопросу. Идео­логия, скажут, не ахти какая». 
Так жалуется Зощенко в повести «Страшная ночь». Сквозь ужимки и смешки чувствуется в его словах искреннее недоумение. 
Это очень грустный писатель. И, может быть, оттого в юморе Зощенки бывает такая прелесть, что юмор его легок, бледен, как будто «одухотво­ рен». Далекий отсвет от Гоголя лег на Зощенко, и это становится особенно ясным, если сравнить писания его с рассказами, например, аверченковскими — всегда более грубыми, искусственными, лишенными внутренней темы, единой душевной основы. И всегда, — добавлю, — менее смешны­ми. О Зощенке не следует судить по бесчисленным рассказам, появляющимся в советской или здеш­ней нашей печати. Рассказы эти часто слабы, порою слабы до крайности. По-видимому, Зощенко — человек не богатый силами, и писать, а тем более печатать, ему надо с осмотрительностью. Но на его вещи — огромный спрос, он торопится, уступает, пишет, что попало и как попало, одним словом, «халтурит», как говорят теперь в России. Поэтому большая часть из того, что появляется за подписью Зощенки, для него не характерно и его не достой­но. Мелькают в газетных набросках отдельные «искры», след настоящего таланта. Но их немно­го. В книге же избранных рассказов Зощенки— его лучших вещей — этот талант чувствуется на каждой странице. 
Зощенко — единственный из молодых русских писателей — создал некий «живой тип». Этот тип теперь всем известен. Глуповатый, простодушный, любящий поболтать о революции, о новом быте, о строительстве коммунизма, сбитый с толку чело­ век, ухаживающий за «бывшими аристократками», воюющий с квартирной хозяйкой или каким-ни­будь управдомом, всегда оказывающийся посрам­ленным и обиженным, — кто не знает этого по­стоянного, незадачливого зощенковского героя? Он смотрит на мир удивленными глазами, и, правда, ужасная чепуха происходит вокруг него. Отчасти в изображении этой чепухи в Зощенке сказался обличитель, прирожденный сатирик: он описыва ет современную русскую жизнь и, подчеркивая некоторые ее зловеще-комические черты, ухитря­ется говорить то, что другому писателю сказать невозможно. С Зощенки ведь — «взятки гладки». Это вовсе не он считает, что советские порядки дурны, что советская жизнь часто безобразна и жалка, это его герой считает, а герой — дурачок, что же с него спрашивать? Но за сатирой Зощен­ки на теперешнюю русскую неурядицу слышится нечто более глубокое или, во всяком случае, лич­ное. Ведь и в повести о ссоре Ивана Ивановича с Иваном Никифоровичем, например, есть два пла­на: один — где показан только Миргород, только вражда двух ничтожных людей, и дальше второй, где вдруг выясняется, что вообще «скучно на све­те», и где миргородская пошлость вырастает до всесветных, всезаслоняющих размеров. 
Зощенку я с Гоголем не сравниваю, конечно. Но мне думается, что он хоть и слабый и измель­чавший, но все же подлинный потомок Гоголя. Совершенно так же, как за Миргородом, за бес­смыслицей зощенковской повести «О чем пел со­ловей» встает что-то гораздо большее, чем ссора мелких людишек. Прочтите эту повесть — она достойна внимания. 
Жили-были на свете девица Рундукова и граж­данин Былинкин. Былинкин снимал у Рундуковых комнату. Увидав как-то утром прелестную Лизочку неумытой и непричесанной, Былинкин без памяти влюбился. Лизочка приняла признание благосклонно. Чего же лучше, казалось бы! Но все расстраивается. И из-за чего, — из-за комода. Влюбленные мечтают о будущем гнездышке. В хозяйстве необходим комод. Но старуха Рундукова решительно отказывается отдать комод. Пятьде­сят лет стоит комод на том же месте, и вдруг — отдать. Шутка сказать. Былинкин ругает стару­ху. Лизочка оскорбляет Былинкина, и ни от люб­ви, ни от счастья ничего не остается. 
«Скучно на этом свете, господа!» 
Эти слова могли бы быть эпиграфом ко всем лучшим рассказам Зощенки — или заключитель­ным восклицанием их. Когда же он принимается описывать Россию, — нет, не советскую, а просто Россию, — убогую и беспредельную, его оконча­тельно оставляет смешливость. «Не поймет и не заметит гордый взор иноплеменный» всего того, что есть в этой правдивой картине. Но нам — как она знакома! 
«Домишко какой-нибудь за городом. Забор. Скучный такой. Коровенка стоит, этакая скучная до слез. Бок в навозе у нее. Хвостом треплет. Жует. Баба этакая в сером трикотажном платке сидит. Делает что-то руками. Петух ходит. 
Подходит к бабе этакий русый, вроде ходячего растения, мурик. Подойдет, посмотрит светлыми глазами вроде стекляшек, — чего это баба делает. Икнет, почешет ногу об ногу, зевнет. 
“Эх, — скажет, — спать что ли пойти. Скушно чтой-то...” 
И пойдет спать». Другой России Зощенко не знает и не видит. 



";1929
«Красное дерево» Б. Пильняка;Пильняк Б.;"Борис Пильняк в немилости у большинства совестких критиков. Дело дошло даже до того, что что недавно в каком-то московском журнале заго­ворили о необходимости защиты Пильняка от на­падок, ибо хотя, конечно, Пильняк «идеологиче­ски неустойчив», но все-таки он сочувствует рево­люции, все-таки он «Октябрь» приемлет и, худо ли, хорошо ли, все-таки он многие из октябрьских достижений воспел. 
Начались нападки на Пильняка после знамени­ той истории со смертью Фрунзе — которую Пиль­няк описал в тонах настолько неосторожных, что принужден был немедленно уподобиться унтер- офицерской вдове и публично покаяться в своем возмутительном легкомыслии. Не все грехи иску­паются покаянием. Грех Пильняка был, по-види­мому, одним из таких, непростительных. С тех пор на него осуждающе косятся все те, для кого в ху­дожнике вернее всего и дороже всего стопроцент­ная преданность коммунизму. 
Косятся, осуждают, не доверяют — но ни к чему определенному придраться не могут. Пиль­няк несомненно не «стопроцентен». Это человек искренний, душевно честный, довольно самостоя­тельный, но без тени какой-либо решительности, и уж во всяком случае без «царя в голове». Он путается, колеблется, он и «приемлет» и «не при­емлет», ему очень нравится революция в теории, на практике же нравится гораздо меньше. Надо сказать, что таково лишь общее впечатление от писаний Пильняка. Поставить ему в вину какую- нибудь отчетливую мысль или страницу, явно про­тиворечащую правительственным или партийным указаниям, — трудновато. 
У Пильняка везде и всегда столько сырой, рас­текающейся лирики, что, право, никому, кроме автора не под силу понять, чего он собственно хо­ чет. Это главным образом и раздражает его кри­тиков, — они упрекают Пильняка в сочувствии «и нашим, и вашим». 
Новая вещь писателя «Красное дерево», веро­ятно, увеличит эту подозрительность. Вещь соблаз­нительная по духу, и ее легче можно истолковать в том смысле, что Пильняк оплакивает в ней красо­ты и прелести исчезнувшего быта. Я сказал «вещь», не зная, как сказать точнее и привычнее: роман, повесть, новелла, очерк, статья... Нет подходяще­ го слова. В новейшей французской драматургии принято писать «спектакль» вместо «комедия» или «драма». Спектакль такого-то — это ни к чему не обязывает, освобождает от всех схем. Очень удоб­но. Вот так и о «Красном дереве» Пильняка. Удоб­нее и благоразумнее всего выразиться: произведе­ние, вещь. Ибо уловить в этой книге какое-либо развитие, ограничение или внутреннюю логику невозможно. Можно было бы сказать «стихотво­рение в прозе» — но уж очень длинное получается стихотворение. 
Пильняк в «Красном дереве» обращается к прошлому. Первая фраза дает основной тон: 
«Нищие, провидоши, побироши, волочебники, лазари, странники, странницы, убогие, пустосвя­ты, калики, пророки, дуры, дураки, юродивые — эти однозначные имена кренделей быта Святой Руси, нищие на Святой Руси, — калики перехо­жие, убогие Христа ради, юродивые ради Христа Руси Святой — эти крендели украшали быт со дней возникновения Руси от первых царей Иванов — быт русского тысячелетия...» 
Поговорив о юродивых, Пильняк переходит к старинным мебельным мастерам. 
«Крепостные подростки посылались в Моск­ ву и Санкт-Петербург, в Париж, в Вену — там они учились мастерству. Затем они возвраща­лись — из Парижа в санкт-петербургские подва­лы, из Санкт-Петербурга в маленькие каморки — и — тюрьмы. Десятками лет иной мастер делал один какой-нибудь самовар, или туалет, или бюрцо, или книжный шкаф — работал, пил и умирал, оставив свое искусство племяннику, ибо детей ма­стеру не полагалось, и племянник или копиро­вал искусство дяди, или продолжал его. Мастер умирал, а вещи жили столетиями в помещичьих усадьбах...» 
После мебели очередь доходит до фарфора. 
Все повествование ведется в умиленно-груст­ном стиле сожалений о прошлом и могло бы быть напечатано в «Старых годах». Однако нет-нет, Пильняк да и опомнится и ввернет что-нибудь о «сладчайшей песне метелей революции» или не­ожиданно примется кощунствовать — будто предлагая не смешивать его с белыми консервативны­ми эстетами. Но как же не смешивать! «Мастера и чудаки создавали прекраснейшие вещи. Русский фарфор есть чудеснейшее искусство, украшающее Земной Шар», — так заканчивается книга Пиль­няка. Посудите сами — соответствуют ли эти вздо­хи суровому цементно-индустриально- электрификационному облику эпохи строительства? Нет ли в них «пассеизма» — как любят теперь выражать­ся? На наш взгляд, есть, — и действительно чув­ства и стремления автора «Красного дерева» пред­ставляют собою смесь до крайности странную, слу­ чайную и причудливую по составу. 
О том, как Пильняк пишет, мне не раз прихо­дилось говорить. Новая его вещь — не лучше и не хуже прежних. Приведу одну только фразу для иллюстрации: 
«Гости пили чай оловянными глазами...» 
­ 

";1929
«Белая гибель» Б. Лавренева;Лавренев Б.;"Последняя экспедиция и смерть Амундсена — тема «Белой гибели», новой повести Бориса Лав­ренева. 
Имя Амундсена в ней не названо, но нельзя сомневаться, что речь идет именно о нем. Гово­рится о полярном исследователе, которого знает весь мир, о человеке, с которым норвежский ко­роль говорит как с равным, которого вся Сканди­навия зовет «Победителем». К тому же, в каче­стве эпиграфа, взяты слова Амундсена: 
— Я рад, что я уже старец, потому что в мире больше нечего открывать. 
Лавренева у нас сравнительно мало знают, — больше всего, пожалуй, по рассказу «Сорок пер­вый», который был переиздан заграницей отдель­ной книжкой и имел успех. Это писатель скром­ный, второстепенный, не из тех, о ком в любом номере любого советского журнала, в каждой ли­тературной статье что-нибудь говорится. Лавре­нева читают охотно, но толковать о нем нечего. У него есть дарование, есть наблюдательность, есть умение писать, но все в размерах, не вызы­вающих удивления и не задерживающих внима­ния. Кажется, он и не претендует на первые роли. Однако, по одной из недавних советских библиотечных анкет, Лавренев неожиданно оказался в числе «любимцев публики», — впереди писате­лей, гораздо более заметных, даровитых или рек­ламируемых. 
«Белая гибель» не отличается особыми худо­жественными достоинствами, но читается с напря­жением. По сравнению с подлинными обстоятель­ствами, вызвавшими экспедицию Амундсена, в повести кое-чего изменено. Летит «Победитель» не на выручку Нобиле, а для спасения потерпевшего аварию судна — но так же, как было в действи­тельности, погибающий — враг его, и это в осо­бенности увеличивает его энтузиазм. Победителя сопровождают знаменитый французский летчик Гильомэ — т. е. Гильбо, — немецкий механик и норвежец-метеоролог. 
Для придачи увлекательности фабуле, в отступ­ление от истины, Лавренев заставляет Гильомэ взять с собой в экспедицию избалованную пари­жанку — Мадлен. 
Начинается повесть с идиллической сцены, в глухой приморской деревушке, между норвежским парнем Нильсом и его невестой. Нильс присутству­ет при таинственном отлете каких-то неведомых ему людей на север и больше чутьем, чем умом, угадывает, что был свидетелем великого события. 
Далее рассказывается о воздушном путеше­ствии, об опасностях, наконец, о катастрофе, жерт­вами которой стали механик и метеоролог, и дол­гой агонии Победителя, Гильомэ и Мадлен в беспре­дельной ледяной пустыне. Победитель обрисован человеком мужественным и благородным, Гильо­мэ — позорным трусом, которого даже Мадлен приходится подбадривать. Первым гибнет Победи­тель, проваливаясь в полынью, затем умирает от истощения и холода Мадлен, последним Гильомэ — в припадке безумия. 
Разумеется, подобная тема требовала огромно­ го, сильного таланта. Она трудна и ответственна. Борьба человека со смертью у Лавренева сильно отдает мелодрамой. Предмет повествования оказал­ся ему по плечу — об этом двух мнений быть не может. Но все-таки «Белая гибель» должна и не­сомненно будет иметь успех, — по самому замыс­лу своему. 
Гибель Амундсена навсегда останется загад­кой для людей. Всякая попытка дать этой загад­ке разрешение, хотя бы заведомо ложное, запол­няет какую-то пустоту в нашем воображении, в нашем любопытстве, будто насыщая их. Не один человек, прочтя повесть Лавренева, вероятно, ска­жет сам себе: 
— Так вот как это все было! 
— и, отчетливо сознавая, что все было совсем не так, что ничего достоверно мы не узнали, он все же будет благодарен писателю за правдоподобный и увлекательный вымысел, за приемлемую «ги­потезу». 
";1929
«Четыре стены» В. Ряховского;Ряховский В.;"«Четыре стены» Василия Ряховского—один из тех советских романов, которые не имеют никакого художественного значения, но все же должны быть прочитаны. Ряховский — бытовой писатель, стремящий­ 
ся лишь к тому, чтобы дать «картину нравов». Он хорошо знает среду, которую изображает, доста­точно грамотен, чтобы дать картину отчетливую и ясную, достаточно честен, чтобы удержаться от искажения ее грубой тенденциозностью. В романе его тенденция есть, конечно: новый быт торжеству­ет, старый быт сдается, коммунизм распространя­ется, мещанство гибнет, — но все это преподносится в таких дозах, которые по теперешним вре­менам можно все-таки счесть приемлемыми. Это не Гладков, не Либединский, не Серафимович с их учениками и последователями. Таких романов, как «Четыре стены», выходит теперь в России доволь­но много. Ни их названий, ни имен их авторов запомнить невозможно: они составляют «серую массу» литературы, они все более или менее схо­жи между собой. Но их стоит читать и даже надо читать: они рассказывают о том, что делается в России. У Ряховского, например, вовсе не так много воображения, чтобы измышлять или лгать. Он скромно и старательно видит вокруг себя. На большее он неспособен и этим, собственно, и обу­словлено его значение для нас. Если бы Ряховские принялись сочинять исторические романы или фан­тазировать о жизни марсиан, читать их не хва­тило бы сил и не было бы оснований. 
Разумеется, осведомление их — плоское, лишь о том, что происходит на поверхности жизни. Но не все же толковать о «духе» или о «глубинных про­цессах» народа, да и не понять ничего в глубинах, если не присмотреться к поверхности. 
В «Четырех стенах» описывается существова­ние московских рабочих, из которых некоторые дослужились до высоких постов. 
Две семьи: семья Кондры, рабочего-неудачника; другая — Коломрозова, его приятеля, предсе­дателя треста. В обеих семьях жизнь не ладится, и виной этому — вторая жена Коломрозова, злая и ветреная Юлия, которой ни до каких револю­ций дела нет, а хочется только нарядов и поклон­ников. Юлия едва не отбивает жениха у Любы, дочери Кондры, доводит до смерти Жоржа, сына Коломрозова. Но и помимо Юлии не все благопо­лучно в «Четырех стенах». От времени до времени герои романа рассуждают о том, как трудно «утвер­дить новый быт». Что такое семья в новом быту? Что такое любовь? Допустима ли она «в переход­ное время»? Как примирить долг общественный с личной жизнью? 
Коломрозов кается после смерти сына: 
«Я делаю государственно-важное дело, но ря­дом с этим у меня не хватает времени и догадки уделять внимание своим детям, посмотреть, как они, чем живут... Мой сын мне далек, чужд, он истекает кровью, а я не двину пальцем, чтобы помочь. Нет, проклятая жизнь выходит, и сами мы уроды». 
К концу романа все противоречия разрешают­ся. Но никак нельзя счесть, что Ряховский ука­ ал «путь» к новому и прекрасному быту. Он свою Юлию убивает — рукой Коломрозова. Это, к со­жалению, выход из положения, но, Согласитесь, довольно исключительный. Основная тема «Четы­рех стен» — вопрос, как совместить личную жизнь с беспощадной требовательностью коммунистичес­кого общества, — разрешения у Ряховского не находит. 

";1929
«Труды и дни Свистонова» К. Вагинова;Вагинов К.;"В майском номере «Звезды» помещена повесть К. Вагинова «Труды и дни Свистонова» — повесть не то чтобы замечательная, но в высшей степени причудливая, почти сомнамбулическая по замыс­лу и труднозабываемая. Удивительно, что «Звез­да» решилась ее напечатать. У Вагинова в советской литературе — известность крайне отрицатель­ная, и действительно, писателя белее далекого от господствующих в России веяний более равнодуш­ного к злободневности нельзя себе представить. Его не без основания назвал кто-то из критиков «по­следним последышем декадентства». Вагинов учил­ся в литературной студии Гумилева, но наибольшее влияние оказал на него Сологуб, да и у само­го Сологуба никогда лиризм не был так уныл и томителен, мрачен и безысходен. 
Вагинов — человек, несомненно, талантливый, особенно в стихах. Прозы он до сих пор обнародо­вал немного, — насколько мне известно, один или два рассказа и роман «Козлиная песнь», вызвав­ший в казенной печати резкую брань, а в литератур­ных кругах — удивление, смешанное с интересом. 
Такое же впечатление произведут, вероятно, и «Труды и дни Свистонова». Это повесть о чело­веке, живущем призрачной жизнью — везде ищу­щем лишь материал для творчества. Какие люди встречаются ему, как изображает он их в своих писаниях — рассказать в нескольких словах я не возьмусь. «Труды и дни Свистонова» — карикату­ра на мир, грустная и зловещая, но тронутая тем неразложимым, не поддающимся анализу очаро­ванием, которое есть вернейший признак поэзии, 
«Божья милость», ни в каких студиях не приоб­ретаемая. То же было и в «Козлиной песни». 
";1929
«Воображаемый собеседник» О. Савича;Савич О.;"Имя О. Савича для большинства читателей новое или почти новое. Савич напечатал в советских журналах не­ сколько небольших рассказов и повестей и — если не ошибаюсь — выпустил даже отдельный сбор­ ник их. Но критика на него до сих пор не обраща­ла внимания и никаких разговоров и толков о нем не было. 
Года два тому назад здесь, в Париже, группа проезжих советских литераторов устроила литера­турный вечер. Читали свои вещи Сейфуллина, Лидин, кажется, Слонимский, кто-то еще — и Савич. Помню, что на мой вопрос-недоумение: «Кто это — Савич?» — мне один человек «оттуда», очень проницательный и осведомленный, ответил, имея в виду всех выступавших в тот вечер: 
— Это самый талантливый из них всех. 
Я принялся читать только что изданный ро­ман Савича «Воображаемый собеседник» с любо­пытством: оправдается ли то давнее замечание моего приятеля. С первых же глав любопытство сменилось настоящим интересом, и чем дальше я читал, тем интерес усиливался. Действительно — Савич очень даровитый писатель, кое-где еще не справившийся с темой и ослабевающий под тяже­стью ее, но только потому, что тема его подлинно значительна и стремится он обработать ее по-своему, не считаясь ни с чьими указаниями и слушая лишь свою творческую совесть. В противополож­ность огромному большинству советских литера­турных «новинок», роман Савича имеет ценность именно художественную, поэтическую, литератур­ную, как живой вымысел, а не как показательное настроение или зеркало быта. В нем, разумеется, отражены и быт и настроение. Но при наличии несомненной и своеобразной индивидуальности в основе произведения, при нерасторжимом объеди­нении всех элементов его одним, как бы все прони­кающим взглядом картины быта становятся лишь оболочкой романа и ненадолго задерживают вни­мание. Можно сказать для пояснения и иначе: роман Савича, подобно другим современным русским романам, — тоже «документ» о жизни в Рос­сии, но в то время как другие романы — только документы, в «Воображаемом собеседнике» есть нечто большее, по сравнению с чем документаль­ная часть кажется несущественной. Савич — че­ловек в советской литературе, один из немногочис­ленных в ней людей. Это сразу чувствуется. За это ему прощаешь некоторые его промахи, которые у писателя более поверхностного оказались бы губи­тельными. За это же и отвечаешь ему доверием. 
«Воображаемый собеседник» начинается с за­бавной и отлично написанной сцены. Губернский город. Утро. Передняя небольшого учреждения — «распределителя суконного треста». Один за дру­гим появляются служащие — достойные потом­ ки Тяпкиных-Ляпкиных, Земляник, Шпекиных и Бобчинских. Среди них Петр Петрович Обыден­ный, помощник заведующего. Думаю, что, давая герою своему такую фамилию, Савич пожелал по старинной и, надо сознаться, грубоватой тради­ции определить именем личность. Обыденный — обыкновеннейшее существо, типический обыва­тель: добродушен, недалек, исполнителен, пример­ный семьянин, но и только... Он уже немолод — ему как раз завтра «стукнет» 55 лет — и всех сослуживцев он приглашает к себе «вечерком» на семейный праздник. «Все счастливые семьи похо­жи друг на друга» — повторяет Савич Толстого, говоря о семье Обыденного: довольство, благопо­лучие, взаимные заботы, дружба... Но счастье не вечно длится. 
Один из сослуживцев Обыденного, узнав его возраст, насмешливо восклицает: 
— Ого-го! Пятьдесят пять! Ведь это уже, по­ жалуй, и лишнее! 
Петр Петрович в первый раз в жизни задумы­вается: а может быть и вправду лишнее? Действи­тельно, скоро смерть. Уж не пробил ли «первый звоночек»? Есть у Обыденного жилец, танцор в местной оперетке, подозрительная личность, Чер­кас. Во время торжественного ужина танцор этот произносит речь на тему, что, мол, все мы «прозя­баем». Петр Петрович вспоминает про «ого-го!» — и задумывается еще сильнее. Прозябаем, а тут скоро и умирать. К чему все было? Зачем? Мало-помалу он теряет равновесие. 
...«Каждая несчастная семья несчастлива по-своему» — продолжает Савич цитировать Толсто­го. Ни с того ни с сего берет Петр Петрович из казенной кассы семь червонцев. Деньги ему не нужны. Он сам не знает, зачем их взял. Так, без цели, со смутной и безнадежной иллюзией, что при больших деньгах можно в жизни что-то сде­лать. С этого момента начинается падение Обы­денного — приближение его к сумасшествию и смерти. Первое связывается со второй, и харак­терна в этом падении человека только мучитель­ность для него «выхода его из колеи». Тут опять впутывается соблазнитель Черкас. Многие стра­ницы «Собеседника», посвященные бреду Обы­денного и его неожиданно острому влечению ко всему необычному и ненормальному, — удиви­тельны. Слабее — конец с просветлением перед смертью. Он написан как будто «под занавес», и незамысловатая эффектность его не на уровне остальных частей романа. По пересказу может показаться искусственной и надуманной вся фа­була книги. Но в том-то и значительность талан­та Савича, что он убеждает читателя не только в естественности всего хода событий — он достигает впечатления непоправимости, внутренне логичес­кой и почти что роковой. 
Есть в «Воображаемом собеседнике» следы ино­странных влияний — особенно влияний француз­ских. Однако по существу книга очень русская — с русской наивностью и с русской глубиной. От­радно в книге и то, к чему постепенно приходят лучшие из молодых наших писателей: внешняя простота стиля, без «роскошных» образов на каж­дом шагу, без «сочных» красок, головокружитель­ных сравнений, изысканных метафор и всякой другой дребедени, которой дорожат только те, у кого больше ничего за душой нет. 



";1929
«Повесть» Б. Пастернака;Пастернак Б.;"Исключительное внимание, окружающее имя Бориса Пастернака, обыкновенно удивляет людей, которые знают только то, что он пишет, и не знают его самого. К незнакомым с Пастернаком лично и поэтому слегка «удивленным» принадлежу и я. Однако мне представляется ошибочным думать, что суждение чисто читательское a priori справедли­вее оценки, к которой примешаны посторонние впечатления от встреч и разговоров. На первый взгляд это как будто и так — теоретически, во вся­ ком случае, это должно было быть не так. Но уста­новить правило невозможно. Например, современ­ники Малларме, не беседовавшие с ним и не бы­вавшие на его знаменитых «вторниках», вероятно считали его второстепенной величиной и были твер­до уверены в своей правоте. Но история «ратифи­цировала» мнение небольшого кружка молодежи, влюбленной в Малларме, и согласилась, что этот скупой и темный стихотворец был первым поэтом своего времени. И это — вполне законно. 
Личность в литературе все-таки ценнее всего и важнее всего. И она в конце концов в литерату­ре отразится и скажется — хотя и не сразу, и в особенности не с общедоступной наглядностью и убедительностью. Если вокруг писателя в течение десяти с лишним лет упорно держится ореол «не­обычайности», надо быть осторожнее в наших суж­дениях о нем и не торопиться с категорическими приговорами. А «необычайность» в Пастернаке, по- видимому, есть — и подлинная. Мне вспоминает­ся, что Сологуб долго хмурился и морщился на стихи Пастернака, а проведя в его обществе не­сколько часов и послушав его чтение, произнес потом слово «волшебно». Слово это готовы повто­рить и другие ценители поэзии, искушенные и взыскательные. Надо отличать пустую моду на стихотворные приемы Пастернака от увлечения им, искреннего, длительного и глубокого. 
Стихи Пастернака действительно не лишены волшебства. Их безудержная стремительность, их сила, временами их патетическая выразитель­ность — необыкновенны, и никакие разногласия в вопросе о методах или манере писать не могут заставить это отрицать. Если бы задержка была только в пресловутой «непонятности» Пастерна­ка — сговориться с его поклонниками было бы не­ трудно. Но есть препятствие более значительное: звук его голоса, качество, тембр, плоский и скудный. В прозе это менее заметно и потому проза Пастернака — «Детство Люверс», «Воздушные пу­ти» и другие вещи — пожалуй, удачнее и даже ценнее его стихотворной лирики. Любопытно, что из виднейших русских молодых поэтов то же самое приходится сказать о Николае Тихонове. Парал­лели между Пастернаком и Тихоновым проводить нет основания — Пастернак бесспорно даровитее, своеобразнее и как-то «взрослее», — но внутрен­не оправданное влечение к прозе у них обоих одинаковое. 
«Повесть» Пастернака, напечатанная в июль­ской книжке «Нового мира», едва ли приведет в восторг даже самых убежденных приверженцев поэта. Но она и не разочарует их. Это образец  «среднего Пастернака», со всеми его достоинства­ми и блеском, порой «волшебными», со всеми его провалами, не всегда объяснимыми. Местами вос­хитительно, местами невнятно и вяло, а целое... да есть ли оно, это целое? Повесть представляет собой воспоминания некоего гамлетоподобного мо­лодого человека о жизни в Москве воспитателем в богатом купеческом доме и о любви к камеристке хозяйки дома... 
Но по существу эта повесть похожа на листки из записной книжки, куда заносится все, что проле­тает в сознании, и которые обрываются случайно. Читать эти листки было бы значительно интерес­ нее, если бы в них было поменьше откровенной и сырой литературности. Здесь мне невольно прихо­дится возвратиться к тем же соображениям, кото­рые вызваны были книгой Савича, — но по проти­воположному поводу. Стиль Пастернака изнемогает под грузом метафор и всевозможных словесных роскошеств. Правда, у Пастернака есть преимуще­ ство перед остальными беллетристами, пишущи­ми приблизительно в том же роде: у него за сти лем чувствуется аналогичное восприятие мира, где все всему отвечает, все всему «корреспондирует», по Бодлеру. Пастернак в своем стиле как будто бы зряч там, где другие слепы и поэтому находят сло­весные сочетания наугад. Если его образы прове­рить или продолжить и додумать, они всегда оказы­ваются «жизнеспособны». Но все-таки этот полу- бутафорский, квазипоэтический, разукрашенный и размалеванный мир — где «оттепель ковыряет­ся по кустам», где «в воде стоят одинокие звуки», где «щепотинкой на нитке повисает крик петуш­ка» и «разгульно разверзаются умолчания зимней равнины» (списываю примеры с одной только пер­ вой страницы) — насколько он грубее того, чем ограничивают себя трезвые глаза мира простой, неразложимой и никому себя не навязывающей прелести. Пастернаковские образы — шелуха, не более. Не отрицаю, что придуманы они большей частью очень талантливо. 
Если есть в повести что-либо действительно замечательное, то, в сущности, только зоркость, слух и чутье к жизни: тончайшее ощущение ее во всех полутонах и воображение, дополняющее ее так же причудливо, как и безошибочно. 



";1929
«Софья Петровская» Вольфа Эрлиха;Эрлих В.;"Молодой петербургский поэт Вольф Эрлих из­ дал поэму «Софья Перовская». 
Тема для поэта необычная. От гражданского лиризма наша поэзия давно отвыкла, хотя Блок и пытался вернуть ее на этот путь. Рифмованные воспевания Октября, Маркса или Ильича, кото­рыми в изобилии дарят нас «Красные нови» и «Новые миры», в счет, конечно, не идут: в них нет ни гражданственности, ни лиризма. О поэме Эрлиха мне пришлось читать в советских журна­лах одну или две рецензии, довольно кислые. Ре­цензент признавал у автора дарование, но бранил его за неясность идеологии и налет «интеллигент­щины». Книги, которые вызывают у тов. Аверба­ха или тов. Либединского такие упреки, a priori внушают доверие: рассчитываешь, что это «про­дукция» не окончательно и не безнадежно казен­ная. На этот раз расчет не обманул. 
«Софья Перовская» — вещь очень талантли­вая. Она написана человеком, еще не вполне ис­кушенным в вопросах стиля и вкуса, но уже име­ющим власть над словом, уже умеющим заставить старые слова звучать по-новому. Эрлих с внешней стороны пишет «по-пушкински». В большинстве строф он, действительно, подражателен. Но кое- где поэт становится самим собой, и тогда его сдержанно-печальный, очаровательный по тембру, слегка насмешливый, очень личный стих «всту­пает в свои права». 
Затем — в поэме есть высокое «гражданствен­ное» сознание. Оно сказывается не в том, что Эр­лих прославляет Перовскую, а в том, как он это делает. В поэме есть Россия, мысль о России, беспо­койство о ней. «Неясность идеологии», что и гово­рить, имеется. Эрлих не дает «классового анали­за» дела Перовской, не защищает, не оправдывает ее (если не считать крайне неудачных, барабан­ных, точно приделанных заключительных строк). Но он понимает неотделимость ее от русской исто­рии, от русских судеб, — даже не столько Софьи Перовской лично, индивидуально, сколько «Перовских» вообще. 
Тая надежду и тревогу, Смятения не превозмочь, Она выходит на дорогу, Чтобы рассеять хоть немного Российскую глухую ночь, Чтобы вкусить всю горечь боли, Уйти туда, где круглый год Слепой, измученный народ Несет ярмо постыдной воли, Чтоб всю обиду разгадать, Чтоб угадать, принять, понять Простые, хлебные тревоги, 
На сельской, на большой дороге В докучных грохотах телег Узнать, как черен этот век, Как на земле не просят хлеба, Лишь императорское небо, 
Да петербургский мутный снег. 


";1930
"«Игра в любовь» Льва Гумилевского 
";Гумилевский Л.;"«Игра в любовь» Льва Гумилевского — роман до крайности бойкий, ловкий, если угодно, даже увлекательный. Он абсолютно ничтожен в худо­жественном, идейном или каком-либо другом «се­рьезном» отношении. Но автор его едва ли такими целями задавался. Насчет «художественности», впрочем, авторские намерения остаются под подо­ зрением: Гумилевский дает главам своего романа названия витиеватые и претенциозные, он иногда не прочь блеснуть каким-нибудь пышным образом или сравнением. Но все эти попытки наивны и беспомощны до трогательности. Зато в построе­нии и развитии фабулы Гумилевский обнаружил способности незаурядные, и любителям чтения легкого, занятного, слегка приперченного злобо­дневными советскими настроеньицами и очеред­ными советскими темками, он доставит большое удовольствие. 
В «Игре в любовь» есть и добродетельный большевик, и роковая женщина, которая этого бе­зупречного рыцаря революции опутывает своими чарами, и рабочие, и комсомольцы... В романе описывается то дом отдыха на Волге, с ваннами дневными, солнечными и ваннами ночными, лун­ными, которые к здоровью и гигиене никакого от­ношения не имеют; то новая Москва с ее трестами и заводами, притонами и общежитиями... Темп быстрый, действие сложное. С первой страницы дается читателю загадка, и разрешается она толь­ ко в самом конце книги. 
Загадка эта сводится к тому, что советский сановник Тележников встречается на Волге с мо­лодой работницей Ненюковой. Они гуляют, на­слаждаются природой и любовью, как вдруг Ненюкова спрашивает своего влиятельного друга: 
— Петр Нилыч, а вы никогда не думали о воз­можности искусственной каолинизации тощих глин? 
Было бы слишком долго рассказывать, такая бездна интриг, хитрости и корысти за этой «као­линизацией» скрывается. Любопытные люди про­ чтут «Игру в любовь» сами. 
";1930
«Бритый человек» Анатолия Мариенгофа;Мариенгоф А.;"Эпиграфом к своему новому роману «Бритый человек» Анатолия Мариенгоф взял строчки Гоголя: «Меня много занимал писанный мной пейзаж, на первом плане которого раскидывалось сухое  дерево. Я жил тогда в деревне; знатоки и судьи мои были окружные соседи. Один из них, взгля­нувши на картину, покачал головой и сказал: 
— Хороший живописец выбирает дерево рос­лое, хорошее, на котором бы и листья были све­жие, хорошо распустившиеся, а не сухое». 
Мариенгоф как бы предупреждает о непри­влекательности рисуемой им картины. Брезгливо­му читателю остается пенять только на самого себя, если книга ему не понравится или даже покажется нестерпимой. Впрочем, тот, кто читал предыдущие беллетристические произведения Мариенгофа, зна­ет приблизительно, чего ждать. Короткие, сухова­тые главы, суховатый, насквозь иронический стиль, анекдоты один другого сомнительнее, безнадежная, как бы «могильная» мечтательность, опустошенные души. Мариенгоф верен себе в «Бритом человеке». Это бесспорно одна из самых отталкивающих книг, которые в нашей литературе существуют. Но вме­сте с тем это умная и умелая книга, по существу, серьезная, очень грустная. «Циники», пожалуй, были глубже. В «Бритом человеке» замысел тот же, но разработан он манернее и не так убедитель­но. Меньше зоркости, больше литературного же­манства, чем было в той книге. Но подлинная да­ровитость автора чувствуется и здесь. 
Литературный жанр, к которому принадлежит «Бритый человек», не является вполне самостоя­тельным открытием или «достижением» Мариен­гофа. Можно указать несколько родственных ему книг из тех, что вышли в последние годы. Есть что-то, напоминающее «Циников» и «Бритого че­ловека», в романе Юрия Олеши «Зависть», вещи, ставшей почти что «классической» в советской России, вызвавшей там нескончаемую полемику. Есть близость к Мариенгофу и в «Защитном цвете» Эльзы Триоле, повести, которую лишь немногие заметили, хотя она и заслуживает лучшей участи. 
Жанр Мариенгофа — это, так сказать, «все наоборот». О парадоксах Уайльда правильно пи­ сал кто-то, что они всегда являются вывернутыми наизнанку истинами. Мариенгоф действует по та­ кому же способу, хотя побуждения у него совсем другие, чем у Уайльда. Ему хотелось бы говорить о вещах прекрасных, величественных, трогатель­ных, нежных, пленительных. Но ирония не позво­ляет. Человеческое существование кажется вконец исковерканным, чувства искажены, ум скучает, ощущение «бессмертной пошлости людской» раз­вито патологически, — и вместо прекрасных слов приходят слова лишь самые едкие и виртуозно отвратительные, истории вспоминаются самые печальные и пустые. Человек еще живет, хотя жить уже не стоит, он еще пишет, хотя писать уже не о чем. 
Мариенгоф — беллетрист советский. Его в мос­ковских журналах, однако, не печатают, потому что той спасительной идеологии, тех «бодрящих и про­тестующих ноток», которые в изобилии имеются, например, у Олеши, у него нет. Но интересно все- таки, какие удивительные «цветы зла» на советской почве вырастают. «Бритый человек» явление если и не очень крупное, то ни в коем случае не ничтож­ное и бесспорно показательное. Психологу быта и времени, человеку, склонному к социальным обоб­щениям, книга эта даст материал первосортный. 
Опасаюсь я только того, что она покажется трудной такому человеку, если он не подготовлен технически, не тренирован, не «натаскан» в чте­нии новейшей беллетристики. Это препятствие легко преодолимое, но преодолимое все-таки не сразу. «Бритый человек» написан столь же искус­но, сколь и вычурно. Случай, рассказанный в нем, сам по себе довольно прост, но Мариенгоф непре­рывно нарушает ход повествования, и время для него как будто не существует. Развязка дается на первых страницах романа, на последних — вступ­ление. В середине книги действие внезапно обры­вается, автор возвращается к развязке, сообщает новые подробности, потом объясняет, с чего все началось... И даже по забывчивости он в рассказе своем ни разу не совпадает с течением времени. Так пишут многие теперешние беллетристы. Худо это или хорошо, оправданно или нет, — вопрос особый. Скажу только, что с этим вовсе не трудно освоиться, как нетрудно в этой путанице и разо­ браться. Но на первых порах может показаться, что книгу писал сумасшедший. 
Герой «Бритого человека» — некий Мишка Титичкин. Он чувствует непобедимое влечение к своему школьному товарищу Шпреегарту, изящ­ному, слабому, изнеженному, вообще «аристокра­ту». Все в Шпреегарте его очаровывает, даже фа­милия. Аристократ же над Мишкой издевается. 
Сначала они живут в глухой провинции, в Пензе. Шпреегарт на улице вызывает восторги гимназисток. 
— Ужасно тонный! — шепчет одна. — Кошмарно интересный! — отзывается другая. Потом приходит революция. Мишка Титичкин  оказывается «у власти», разъезжает по Москве в автомобиле и с толстым портфелем. Но с Шпреегартом он по-прежнему неразлучен. 
Аристократ теперь занимается тем, что выдав­ливает угри на носу своего высокопоставленного друга. Тот в конце концов не выдерживает и каз­нит мучителя, повесив его на шнуре от портьеры. Шпреегарт, к счастью, пьян, не кричит и не сопротивляется. 
Такова фабула романа. Ею, конечно, не исчер­пывается содержание его. 

";1930
Петр I;Толстой А.;"Алексея Толстого упрекали и упрекают во всевозможных грехах. Легкомыслие, неустойчивость во взглядах, безразличие ко всему на свете, какой-то прирожденный нигилизм — нет, кажет­ся, человека, который бы, говоря о Толстом, о чем- нибудь подобном не упомянул бы. 
Но в то же время нет и человека, который тут же не признал бы: какой талант! И действитель­но, — какой огромный, живой «Божьей милостью» талант! Его с излишком хватило бы на добрый десяток иных благонамеренных беллетристов с постоянством в убеждениях и тщательностью в работе. Толстой почти всегда пишет «спустя рука­ва». Порой, — если вдохновение отсутствует, — это приводит его к вещам плоским и фальшивым, бесспорно «халтурным», как многое из того, что он написал и напечатал в последние годы. Но когда Толстой своей темой увлечен, он без всякого уси­лия, одной только силой своего чудесного дарова­ния достигает блестящих результатов. 
Таков новый роман его — «Петр I». Пока вы­ шел только первый том его, продолжение же печа­тается в московском «Новом мире». Читая началь­ные главы романа, я думал, что детством и юностью Петра Толстой и ограничится. Но, по-видимому, он задумал очень большую по размерам вещь и хочет охватить в ней все петровское царствование. Справится ли он с такой задачей? Данные у Тол­стого для этого есть, и начало его «Петра» внуша­ет доверие. Роман, может быть, не будет очень глу­бок по мысли и анализу: этого a priori трудно ждать от Толстого. Но уже и сейчас можно сказать, что в живописном отношении он предельно ярок, и не­ которые эпизоды петровской истории в памяти тех, кто прочтет роман Толстого, останутся навсегда врезанными именно в его, толстовском освещении. Алексея Толстого невозможно, конечно, сравни­вать с другим Толстым — со Львом. Но одну особен­ность дара — именно эту исчерпывающе-характерную образность в рассказе — он от своего великого однофамильца унаследовал. 
Прекрасно изображена Толстым Россия того периода — вся эта дикая, мощная творческая эпо­ха. Никакой сусальности и стилизации в передаче ее. С первых же страниц есть в романе подлинная жизнь. Богатство и сложность материала мешают автору вести стройное повествование, и он дает картину за картиной, объединяя их не столько внешней связью, сколько внутренней общностью. 
Роман начинается с незначительных семейных или домашних сцен. Жизнь как жизнь. Какие-то ребятишки бегают босиком по снегу в подмосков­ной деревне, какие-то обнищавшие бояре собира­ются в путь — в столицу. Голодного Алексашку порет отец, а этот Алексашка — будущий фельд­маршал и светлейший князь Российской империи, Александр Данилыч Меншиков... И только после того, как читатель освоится с рассказом, уловит тон его, автор вводит его в историю. 
Москва, стрельцы и их ужасный бунт, гибель Артамона Матвеева, испуганная насмерть царица Наталья Кирилловна, маленький Петр с круглыми, как у совенка, глазами, властолюбивая и страст­ная Софья, красавец Голицын, уже примеряющий корону, наконец, простой, черный московский на­ род, в изображении которого, пожалуй, сильнее всего сказался талант Толстого... Жаль, что в эпи зоде стрелецкого бунта Толстой ограничился лишь началом его — выходом царицы на Красное крыль­цо и убийством Долгорукого и Матвеева. Матери­ал исключительный, «достойный Шекспира», и он позволил бы Толстому блеснуть вовсю. Одна толь­ко гибель Нарышкиных чего стоит, такая драма­тическая картина! 
Первая часть романа обрывается на торжестве Петра над царевной Софьей. Борьбе их посвящено множество удачнейших страниц. Вот одна из послед­ них — действие происходит в Успенском соборе: 
«Патриарх поклонился царям, прося их взять по обычаю образ Казанской Владычицы и идти на Красную площадь. Московский митрополит под­ нес образ Ивану. Царь ущипнул редкую бородку, оглянулся на Софью. Она не шевелясь, как исту­кан, глядела на луч в слюдяном окошечке. 
— Не донесу я, — сказал Иван кротко, — уроню... 
Тогда митрополит мимо Петра поднес образ Софье. Руки ее, тяжелые от перстней, разнялись и взяли образ плотно, хищно. Не переставая гля­деть на луч, она сошла со скамеечки. Василий Васильевич, Федор Шакловитый, Иван Милославский, все в собольих шубах, тотчас придвинулись к правительнице. В соборе стало тихо. 
— Отдай... (Все услышали — сказал кто-то невнятно и глухо). Отдай... (Уже громче, нена­вистнее). 
И когда стали глядеть на Петра, поняли, что он. 
Но Софья лишь чуть приостановилась, не обо­рачиваясь, не тревожась. На весь собор отрыви­сто, по-подлому Петр проговорил: 
— Иван не идет, я пойду. Ты иди к себе. От­ дай икону. Это не женское дело. Я не позволяю. 
Подняв глаза сладко, будто не от мира, Софья молвила: 
— Певчие, пойте великий выход... 
И спустясь, медленно пошла вдоль рядов бояр, низенькая и пышная. Петр глядел ей вслед, вытя­нув шею. Бояре в платочек: смех и грех». 
Такую картину нельзя не запомнить. Если Толстой продолжит и окончит своего «Петра» с тем же блеском, с каким написаны первые главы ро­мана, — роман этот будет одним из замечатель­ных произведений нашей новой литературы. 
Но повременим еще с окончательным сужде­нием. Отметим лишь многообещающее начало. 

";1930
Рассказы В. Катаева;Катаев В.;"Спросите «рядового читателя», знает ли он В. Катаева. В девяти случаях из десяти рядовой читатель ответит: — Катаев? Это тот, который написал «Растрат­чиков»? 
«Растратчикам» повезло. Повесть выдержала несколько изданий в советской России, ее переиз­дали здесь, в эмиграции, из нее даже сделали пье­су. Она всем пришлась по вкусу. Одних прельсти­ а в «Растратчиках» легкость и занимательная злободневность действия, других — безошибоч­ная внутренняя правдивость этой повести, при­родный дар «жизненности», который чувствовал­ся у автора. Если о достоинствах повести можно было спорить, то в талантливости Катаева сомне­ваться было нельзя. 
После «Растратчиков» вышел сборник юмори­стических рассказов Катаева «Птички певчие». Это было большое разочарование. Совершенно осно­вательно вспомнил один из московских критиков по поводу этой книги слова Белинского: «Смеш­ное здесь заключается в том, что человек залез под стол и его оттуда вытаскивают за ногу». Осо­бенно вредило катаевской юмористике то, что она была похожа на Зощенко и при этом была лише­на острой зощенковской грусти, поэтической прелести лучших его рассказов. Казалось, никаких надежд Катаев не оправдает. Казалось, только одну хорошую книгу ему и суждено было написать. Бы­вает, что одной книги довольно для прочной славы писателя и спасения его от забвения: достаточно назвать хотя бы Ремарка, чтобы в этом убедиться. Но претендовать на такую роль «Растратчики» никак не могли. 
В последние три-четыре года в советских жур­налах стали появляться новые рассказы и повести Катаева. Они не всегда были удачны, но опять — как в «Растратчиках» — пленяла в них «непо­средственность», «свежесть» катаевского дарования, зоркость его взгляда, меткость его речи. Едва ли Катаев юморист. Если он сам себя таковым счи­тает, то, по всей вероятности, ошибается: его юмо­ристические вещи неизмеримо грубее других, и, взяв за образец Зощенко, он, в сущности, уподоб­ляется в них Аверченко. Обыкновенно случается, что юморист тяготится своей репутацией, всяче­ски стараясь внушить, что он пишет не для поте­хи, что его «серьезные» произведения — самые важные. Катаев, наоборот, стремится потешать, не имея к этому призвания и не имея в себе того та­инственного элемента, которым смех «облагоражи­вается». Но обещание, данное в «Растратчиках», он, по-видимому, сдержит. 
Недавно берлинское издательство «Книга и сцена» выпустило сборник рассказов Катаева, на­ писанных в разное время. Сборник называется, по заглавию первого рассказа, — «Отец». Это одна из самых живых книг, которые в последние годы на русском языке появлялись. Как всегда бывает, собранные вместе вещи одного автора выиг­рывают в значительности и характерности. То су­щественное, то личное, что в них есть, повторя­ясь из рассказа в рассказ, становится более ощу­тимым. 
Катаев — подлинный художник. Удивитель­но, что будучи совсем чужд новейших формаль­ ых «исканий» некоторых молодых русских про­заиков (здешних и советских), оставаясь учеником Толстого и еще не освободясь от влияния Бунина, Катаев очень часто достигает впечатления но­визны, притом новизны именно формальной. Оче­видно, круг толстовско-бунинских творческих при­емов еще не сомкнут, поле еще не все вдоль и по­перек обработано. Никаких признаков эпигонства в Катаеве нет, хотя теоретически они должны были бы в нем быть. 
Его основной чертой является глубокое чутье, «интуиция» жизни, страстная жадность к ней. В нем нет ничего рассудочного, умышленного, и  мне представляется, что Катаев должен быть бо­лее даровит, нежели умен. Прирожденный такт очень талантливой натуры позволяет ему большей частью выйти из положений, где самым верным проводником явился бы разум. Но случается, что в каком-нибудь «идейном» рассказе нашего авто­ра выручает только многоточие, только лирика... Он чувствует, что надо что-то сказать, но не знает что. Типично для Катаева и отсутствие развития в его рассказах. Один момент, один «разрез» чело­веческого существования ему доступен во всей его полноте. Он схватывает и передает его с восхити­тельной отчетливостью, даже если есть в этом моменте большая психологическая сложность. Но этим он, собственно говоря, и ограничивается, и если при­делывает к своим рассказам завязки и развязки, то лишь потому, что этого требуют установленные каноны литературного мастерства. 
Наиболее интересны в книге рассказы «Отец», «Опыт Кранца» и, в особенности, «Огонь». Эти вещи были враждебно встречены советской кри­тикой, причем один из критиков глубокомыслен­ но и изящно заметил, что в них «общее мировоз­зрение кастрирует талантливого писателя» (Машбиц-Веров в «На посту»). У Катаева нет ничего такого, за что его советские рецензенты могли бы открыто травить. Но общий дух его творчества, действительно, в резком противоречии с тем, что сейчас в Москве насаждается. Никаких классовых «перегородок» для Катаева не существует. Самые понятия «класс», «классовый враг» ему чужды. Он знает только настоящую, не схематическую жизнь, где все сплетено и спутано. В «Отце» — рассказ, который мало кто прочтет без волнения, хотя в чисто литературном отношении он чуть-чуть сыроват, — изображен старик, всем жертвующий для сына. А старик этот — «белогвардеец», молится Богу и к революции равнодушен. В «Отце» у коммуниста Ерохина умирает молодая жена. И этот коммунист, руководитель уездных безбожников, главный местный агитатор вдруг начинает думать о смерти, о бессмертии. Он томится, он сам не понимает, что с ним. Правда, Ерохин приходит к выводу, что бессмертия души нет, что «все — тем­ная, поповская ложь». 
«Холод. Лед. Молчание. Огонь. Смерть». 
Но коммунисту о таких вещах думать не по­добает. 
Другие рассказы родственны этим же темам. Некоторые из них очень хороши. Не сомневаясь больше, надо причислить имя Катаева к именам тех шести-восьми молодых русских писателей, которые пишут не потому только, что у них есть перо, чернила и бумага, а потому, что, действи­тельно, «не писать они не могут». 
­ 


";1930
«Форель разбивает лед» М. Кузмина;Кузмин М.;"М. Кузмин начал писать стихи очень поздно, после тридцати лет. Он сам не раз рассказывал, что Брюсов советовал ему: — Михаил Алексеевич, вы должны писать сти­хи. — Кузмин отвечал: «Я не могу, не умею...» В один прекрасный день он решил Брюсова послу­шаться. Когда человек еще очень молодой начи­нает заниматься поэзией, у него, помимо формаль­ной неопытности, сказывается во всем неопытность умственная, душевная и долгие годы учения идут потом не столько на тренировку в стихосложении, сколько на «искание самого себя», своей темы и своего стиля. Кузмин взялся за стихи, будучи уже сложившимся человеком, и притом человеком изо­щренной культуры, напряженной душевной жиз­ни. В его тогдашнюю речь вплетались воспомина­ния о волжских скитах, где он будто бы провел молодость, и цитаты из Боккаччио, которого он знал чуть ли не наизусть, византийские предания и древнерусские духовные песни... Он говорил о второстепенных французских авторах XVIII века, как о своих близких знакомых, и с тою же легко­стью ссылался на последнюю, только что прогре­мевшую парижскую знаменитость. Он умел, как никто, «хранить молчанье в важном споре», мол­чать с таким видом, что спорящим становилось не по себе, — будто ясно было, что именно он, мол­чащий Кузмин, знает и понимает по предмету спо­ра больше всех и только из-за каприза или по лени не благоволит высказаться... Во всем этом не было никакой позы. Кузмин был слишком умен, чтобы соблазниться ролью доморощенного российского эстета-денди или «петербургского Уайльда», как называли его некоторые невежественные поклон­ ники. Кузмин всегда оставался самим собой — талантливейшей и сложной натурой, личностью, которая могла бы стать поистине замечательной, если бы... трудно, в сущности, сказать, что «если бы». Сказать, что не было в Кузмине стержня, не было «костяка» — диагноз будет слишком общим, а едва ли к Кузмину что-либо общее применимо. Остановимся лишь на том, что «чего-то» чрезвы­чайно важного, чрезвычайно необходимого Кузми­ну не хватало, и потому с годами почти все им написанное распылилось, обветшало... Перечитывая теперь его изысканно-небрежную прозу, его томные стихи, мы не без некоторого недоумения ищем в этих книгах того, что так восхищало когда-то Вячеслава Иванова и Брюсова, Анненского и Блока. И не всегда находим. 
Литературное дарование Кузмина, в особенно­сти дарование стихотворное, не было ни очень ве­ лико, ни очень значительно. Стихи его возникли случайно, и «пафоса неизбежности» в них нет. Но благодаря тому, что Кузмин был человеком ред­костным по своеобразию и законченности, и еще потому, что обратился он к поэзии в зрелости, ему удалось оставить в книгах своих — то здесь, то там — какой-то неизгладимый след своей души, своего сознания, — несколько строк, десять или пятнадцать небольших стихотворений, прелестных и как бы беспомощных, жалких и очаровательных. Оттого кажется, если бы мы вздумали разобрать, кто из стихотворцев последнего периода нашей литературы был поэтом, а кто лишь «виршепле­ том», хотя бы и блистательным, то в первый, очень короткий список Кузмина все-таки надо было бы включить без колебаний. Он нашел в себе силы пробиться сквозь «толщу слова», — вероятно, по­ тому, что литература его, собственно говоря, ни­когда не прельщала, и в самый разгар увлечения формальными опытами он над ними только посме­ивался. Кузмина не интересовала словесность как нечто целое, создаваемое общими трудами, тради­циями, преемственностью. Он хотел своего голо­са, пусть даже только «голоска», но своего — и этого он добился. Душа в его стихах осталась: детски-мудрая и в то же время испуганная, расте­рянная. Между прочим, надо сказать, что Блок, который Кузмина высоко ставил и очень ценил, по-видимому, остро ощущал в Кузмине беспомощ­ность или, лучше сказать, беззащитность, хруп­ кость, как основную его черту. В 1920 г., когда Кузмин справлял в Петербурге свой пятнадцати­ летний юбилей, Блок в публичном собрании обра­тился к нему с речью и, помнится, сказал: «Я бо юсь, что наша жестокая жизнь сделает вам боль­ но...» Было в блоковском голосе, во всем его облике что-то глубоко-дружественное по отношению к Кузмину, покровительственное без высокомерия, почти отеческое, хотя годами он был много мо­ложе его. 
Все это еще близко, но уже и далеко от нас. Опасения Блока, в сущности, сбылись, и наше «жестокое время» действительно причинило боль Кузмину, отодвинув его раньше срока в историю, до срока состарив его. Кузмин, несомненно, это сознает, он пытается отстоять себя и свое место. 
Вот уже десять лет как его поэзия резко измени­лась: вместо прежних «прозрачных» стихов он пишет теперь стихи нарочито-невнятные, деланно­ исступленные, обманчиво-мощные, полные криков и выкликов; вместо «прекрасной ясности», им же самим когда-то провозглашенной, он искусственно и намеренно все в своих стихах сбивает и затемня­ет... Достигается этим немногое. Стихам из «Нездеш­них вечеров» или «Парабол» далеко до ранних «Осенних озер»: как бы ни были они мастерски написаны, они холоднее и фальшивее их. Послед­ний, давно обещанный сборник Кузмина — «Фо­рель разбивает лед» — все любители поэзии ждали с большим интересом: в журналах ведь имени его никогда не видно. Как он пишет теперь? О чем? Какова его теперешняя манера? Интриговало са­мое название книги, до крайности причудливое. 
Образ форели, разбивающей лед, проходит че­ рез весь сборник как лейтмотив. По-видимому, для поэта — это образ жизни трепещущей, буйной, уничтожающей все преграды. Стихи в книге по­ чти все сплошь «мажорные»: восторженное сла­вословие бытию, хотя бы и трудному, существова­нию, хотя бы и скудному. Кое-что напоминает прежнего Кузмина — по легкости, по грации и той подлинной стилистической утонченности, которой во всей нашей новой поэзии, пожалуй, один только Кузмин и достиг. Другое — не то что слабое, но претенциозное, и потому удивляет и даже иногда раздражает. Но в общем, надо сказать — книга стоит того, чтобы ее прочесть. Лучшим доказатель­ством этому служит то, что пока ее читаешь, о всех теоретических соображениях, касающихся новой кузминской манеры или того, как он писал рань­ше, как пишет теперь, — обо всем этом забыва­ешь. Конечно, это не «высокая» поэзия. Конечно, звук слаб и однообразен, темы коротки, кругозор тесен. Ничего похожего на какую-либо тайну здесь и «не ночевало». Но в этой поэзии есть лучистая «тепловая энергия», есть благоволение к миру и ко всему живому, — и, по-видимому, это ее свой­ство неистощимо, потому что в новых стихах Куз­мина оно стало заметнее, чем прежде. 
И еще одно замечание: это все-таки подлин­ная литература, подлинное искусство — по обще­ ультурному уровню, по качеству составляющего книгу материала, который может выдержать срав­нение с «лучшими заграничными образцами». В на­ши времена, когда, увы, русская литература из мировой мало-помалу снова становится литерату­рой провинциальной, этим опрометчиво было бы пренебрегать. 



";1930
«Болтовня» Л. Овалова;Овалов Л.;"Повесть Л. Овалова «Болтовня» — тоже запис­ки, тоже дневник. Но совсем в другом роде. 
«Болтовня» — это книга, которую за послед­ нее время усиленно выдвигает московская крити­ка, находя в ней всякие достоинства и если и не приравнивая ее к таким великим классическим произведениям, как «Цемент» или «Бруски», то все же признавая ее талантливой, блестящей, нуж­ной и «органически пролетарской». 
В том, что Овалов человек, действительно, та­лантливый, сомнений нет. С первых же страниц его повести в этом убеждаешься. Она своеобразно написана, полна движения, и в быстрой смене картин автор обнаруживает наблюдательность и умение рассказывать. Но к бойкому и живому по­вествованию пригнана убогая, трафаретная идей­ ка, и это книгу губит. 
Записки ведет старый рабочий, наборщик. Иро­нически он свой дневник и называет «болтовней». Болтает старик Морозов обо всем, что взбредет в голову, но, главным образом, о непорядках, про­ исходящих вокруг, и о том, как их искоренить. Болтовня его проходит, так сказать, «в плане са­мокритики» . 
Например, не любят рабочие свой труд, производ­ство. «Как можно не любить производство? — воз­мущается Морозов. — К самому загаженному до­ мишку привыкаешь. Привыкаешь, называешь свое чувство, паршивенькую привычечку “любовью”. А тут. Многие стремятся от станка домой, в ласковую комнатенку, в затхлый уют... Мещанство». 
Коммунисты не понимают своего долга, своих обязанностей. Относятся ко всему по-казенному, отговариваются «перегрузкой». Морозов не комму­нист, но он пролетарий настоящий, не «липовый». Он бесстрашно указывает видным партийцам на их ошибки, он спорит с ними и часто оказывает­ся прав. 
В типографии рабочие хулиганят. Морозов на­ставляет их на путь истинный. Добродетель ста­ рого наборщика доходит до того, что когда сыну его изменяет жена, он, чтобы утешить плачущего Ивана, клевещет на его мать, свою жену. Велико дело, подумаешь, изменила. Все женщины изме­няют... «Спускаюсь по лестнице, трогаю дверь — на крючке. Крючок был слабенький, а я силь­ный — рванул дверь к себе, распахиваю, и предо мною мать твоя и Гаврилов... На столе початая бутылка с лиссабонским, а сами они, понима­ешь... нагишом». 
Сердце Морозова разрывается от сознания, что он напрасно порочит свою старую, верную жену. Но он утешает себя тем, что жертва его нужна. 
Наконец Морозов приходит в святости своей к сознанию, что только одного ему не хватает — партийного билета. Он его и получает. 
Повесть обрывается на следующем умилитель­ном видении: 
«Достань, Морозов, бумажник. Вынь из него крохотную книжечку в желтой картонной облож­ке. Погляди на нее и скажи — все ли это, чего ты хотел. Со спокойной совестью я отвечаю себе: 
— Да, все». 
Если бы не многочисленные и, по-видимому, правдивые «зарисовки» теперешней московской жизни, повесть не стоило бы читать. Ради них приходится примириться и с глупым ее заклю­чением. 

";1930
«Единый фронт»: новый роман Эренбурга;Эренбург И.;"Не знаю, кого сам Илья Эренбург считает своим учителем и от кого ведет свою родословную. Однако, было бы с его стороны черной неблагодарностью отречься от писателя, ко­ орый оказал на его сознание, так сказать, «фор­мирующее воздействие»: от Боборыкина. 
Боборыкин теперь не в чести. Его мало кто знает, имя его не произносится иначе как с высоко­ мерной усмешкой. Боборыкин безнадежно устарел. Он гонялся за настроениями самыми последними, за чувствами и мыслями самыми модными... Моды изменились. Эренбурга сейчас читают много, с усердием, с удовольствием. Он все-таки талантли­вее своего духовного отца, и «лик нашей эпохи», «ритм современности», «темп наследственного бы­тия» и прочие обольстительные и туманные поня­тия он «выявляет» столь искусно, что, как Жу­ковский Пушкину, Боборыкин должен был бы подарить ему свой портрет с надписью: 
— От побежденного учителя. 
Пока «ритм современности» действует, суще­ствует и нечто многотомное, многословное, име­нуемое «творчеством Эренбурга». Но, увы, «рит­мы» недолговечны, капризны. Самые восторжен­ные читательницы, которых нынче новая книжка Эренбурга влечет, как некий моднейший коктейль, горько-сладковатый, пряный, пьянящий и ост­рый, — самые восторженные читательницы отвер­нутся от него, когда им объяснят, что коктейли больше не в моде. Настоящее станет прошлым, — Эренбург исчезнет. Никто этому не удивится, и меньше всех будет удивлен сам автор. Ведь вот даже последняя его книга «Единый фронт», помеченная «январь-июнь 1930», успела устареть. В ней по­стоянно упоминается о кабинете Тардье. Кабинет Тардье пал, и анахронизм уже дает себя знать. Если бы острие книги, «установка» ее, как говорят в советской прессе, не было так назойливо обраще­но на современность, если бы у Эренбурга была хоть какая-нибудь иная забота, кроме современности, — смена кабинета прошла бы для него бес­следно. Но она для «Единого фронта» оказалась фатальной. «Значит, все это происходит не се­годня?» — спрашивает разочарованный читатель. А если не сегодня, то интерес пропадает. Без иро­нии: Тардье сильно подвел Эренбурга. 
Недавно в одной парижской газете была ан­ кета: оказал ли кинематограф влияние на литера­ туру, и если оказал, то какое? Некоторые из опро­шенных лиц влияние признавали. Но подлинные писатели, те, которые в данном вопросе все-таки более компетентны, чем портной Поль Пуаре или Жозефина Бэкер, ответили, что влияния кино на литературу нет и не может быть никакого. Дей­ствительно, вопрос ребяческий, — и в частности Эренбург это, по всей вероятности, тоже понимает и сознает. Но он пишет именно для тех, кто пола­гает, что теперь и в литературе необходимо стре­мительное действие, ежеминутная смена картин, и что в этом, главным образом в этом, искусство теперешнее отличается от искусства прежнего. Одним словом, раньше были Диккенс и Лев Тол­стой. Теперь пришли Эренбург и Поль Моран. Да здравствует же Эренбург с Полем Мораном! В каком-то чеховском письме есть замечание: «зубы болят от пошлости». Зубы в наше время, по-види­мому, стали крепкие и выносливые. 
Перейдем к самой книге. «Единый фронт» — это, разумеется, единый фронт капиталистов и империалистов против Советского Союза. Капита­листы и империалисты между собой враждуют, и единство им наладить трудно. Миллиардер Ольсон, «спичечный король», соперничает с другим милли­ардером, сэром Вайнштейном, витебским евреем, смещающим королей и по коммерческим расчетам устраивающим революции. Министры в их руках — куклы. Войны, договоры, союзы, речи в парламентах или в Лиге наций — все делается по приказу Ольсонов и Вайнштейнов. Догадка не новая, как известно. Однако же советские политические теоре­тики, стоящие на той же точке зрения, признают, вероятно, что не так уж абсолютна и комически откровенна зависимость правителей от банкиров. Но Эренбург не реалист, а сатирик. Поэтому он сгущает краски. Один только московский посол, тов. Карнаухов, герой добродетельный. Остальные персонажи — тупицы, проходимцы, воры, разврат­ ники, наглецы, как и подобает быть империали­стам. Книга лишена последовательной фабулы. Она вся состоит из отдельных «зарисовок», иллюстри­рующих подготовку противосоветского единого фронта. Кончается она многозначительно и выра­зительно. Европейская конференция, собравшая­ся в Париже, решает важнейшие политические вопросы. Она хочет знать мнение о них сэра Вайн­штейна (его соперник Ольсон умер). Сэра Вайн­штейна нигде не могут найти. Наконец секретарь сэра находит его в публичном доме, в невозмож­ной компании... 
— Я сегодня собачка... «Медор», — лениво объясняет своему секретарю вершитель мировых судеб. 
Вот что такое политика, вот что такое капита­лист, вот что такое Европа! — как бы говорит Эрен­бург. Публичный дом! 
На это нечего отвечать. Каждый видит то, что хочет видеть, что может разглядеть. Главная вина Эренбурга та, что он лжет самому себе: он притво­ряется ограниченным и тривиальным наблюдате­лем, не будучи им. Кто написал главу о старом журналисте Лавале, не может не понимать пусто­ ты или фальши остальных глав «Единого фрон­та». Но писателя, как и всякого человека, нельзя судить по тому, о чем он молчит. Его оценивают по тому, что он говорит. 



";1930
«Волга впадает в Каспийское море»;Пильняк Б.;"Появление нового романа Б. Пильняка вызвало всюду очень большое любопытство. Пильняка долго и усердно травили. Пильняк долго молчал. Еще до выхода его последнего романа в России и здесь поговаривали о том, что Пильняк намерен «образумиться», что в новом своем произ­ведении он искупит все прежние грехи, докажет свою преданность «генеральной линии партии», одним словом — принесет повинную. Читатель был заинтересован: как Пильняк это проделает, — в какой форме, в каких пределах. «Сладостно смерт ным глядеть на братьев своих позор...» Любопыт­ство увеличивалось еще названием романа — «Волга впадает в Каспийское море». Никто не предпола­гал, что Пильняк будет говорить действительно о Волге и Каспийском море. Наоборот, все склон­ны были расшифровывать выбранное им назва­ние как «дважды два четыре», «лошади едят сено и овес», — и недоумевали, к чему эта «азбучность» относится. 
Надежды на сенсацию не оправдались. Надо прежде всего сказать — к чести Пильняка, конеч­но, — что никаких признаков испуга и покаяния в его «Волге» нет. Каким этот писатель был, та­ким и остался. По-прежнему в его путаной и та­лантливой голове революция сплетается с романтикой, по-прежнему годы военного коммунизма, суровое и голодное время гражданской войны ка­жется ему «прекраснейшим временем в истории», и все так же чужд ему трезвый, прозаический дух теперешнего «строительства». Правда, Пильняк о строительстве постоянно говорит, и с некоторой натяжкой его последний роман можно даже подве­сти под рубрику беллетристики «производственной», как это теперь принято делать в России. Но «про­изводство» или «строительство» приемлемы для Пильняка вовсе не сами по себе, а лишь потому, что в них ему чудится «размах тех годов», «воля и вдохновение незабываемой юности революции», Пильняк по-прежнему тоскует о «вое метелей, за­ носящих старый мир», мечтает о счастье и брат­стве всех народов, а «о водке», о генеральной ли­нии — «ни полслова». Ни в какой микроскоп не разобрать, каково его отношение к уклонам, правому и левому, что он думает об ударничестве, о колхозах, или промфинплане... Чего доброго, для него и Троцкий не классовый враг, а друг! Не Троц­кий ли направлял те «метели», которые для Пиль­няка незабываемы? Ввиду всех этих неясностей — непростительных в положении Пильняка — со­ветская критика встретила «Волгу» с крайним ожесточением. Если раньше Пильняк был толь­ко подозрителен, то теперь он отпет окончательно, и нет в русском языке тех бранных слов, кото­рые для характеристики его оказались бы слиш­ком резкими. (Один московский критик недавно написал, что Пильняк способен исключительно на изображение «пакостнейших человеческих отребьев».) 
Волга впадает в Каспийское море. Ока впада­ет в Волгу. Москва-река впадает в Оку... Испокон веков было так. Но профессор Пимен Сергеевич Полетика задумал изменить природу, чтобы за­ ставить и ее служить делу строительства социа­лизма. Профессор Полетика — старый чудак. Он — большевик с девятьсот третьего года («в семнадца­том году в России пришла та справедливость, фи­лософию которой профессор принял в молодости», замечает Пильняк), у него имеется толстая пачка писем Ленина, но он до сих пор не принял новой орфографии, ходит в длиннополом сюртуке и «мед­лительность почитает основой прогресса». План Полетики грандиозен: остановить Оку, бросить вспять Москву-реку, превратить советскую сто­ лицу в порт, доступный морским пароходам, ко­торые будут подниматься к ней по системе кана­лов... Осуществление проекта требует работ не менее грандиозных. Они производятся около Ко­ломны. Там же, на «Коломстрое», развивается и действие романа. 
Оно сложно, и усложняется еще той манерой повествования, которая свойственна Пильняку: автор все время «сбивает» ход фабулы, обрывает диалоги где придется и возвращается к ним через несколько страниц... То здесь, то там в изобилии попадаются лирические отступления — о Волге, о революции, даже о Есенине. 
На Коломстрое работают инженеры Ласло и Садыков. Их судьбы связаны с судьбой Полетики. Жена Пимена Сергеевича когда-то ушла от него к Ласло, репетитору их детей. Тот же Ласло сманил теперь жену Садыкова. На Коломстрое неблагополучно: социализм, правда, торжествует, но люди терзаются, мучают друг друга, умирают. Мария Садыкова не пожила с Ласло и месяца, как пове­силась. «Я коммунист. Прежде всего я должен уничтожить свои чувства», говорит Ласло. Мария Садыкова этого «уничтожения чувств» не поняла и не выдержала. Работницы Коломстроя в знак протеста против ее гибели, «во имя женской соли­дарности», устроили забастовку. «Бабы, — кри­чит одна из них, — бабы, а? Бабочки! Это что же такое? Это мы сколько же терпеть будем?., а жен­ отдел на что?.. Бабочки, а!» 
Другой инженер, Полторак, обещает женить­ся на дочери Полетики, Любови Пименовне. Та верит. Но Полторак приезжает на стройку с лю­бовницей, расфранченной московской актрисой, и Любовь Пименовна застает их вместе. Иллюзии гибнут. Впрочем, гибнет и сам инженер Полторак. Он — вредитель. Он хочет взорвать монолит, пре­граждающий течение Оки. Он не в силах прими­риться с новой жизнью, с новыми порядками, при которых владычествуют рабочие. «Есть убийство без крови, — говорит он, — без крови, такое су­кровичное, статистическое, цифровое. Рабочие на совещании мне сказали, что я не нужен, выбро­шен за борт, убит без крови...» 
Среди всех этих персонажей бродит как при­зрак Иван Ожогов. Он дурковат, но это «положи­ тельный тип». Если профессору Полетике автор поручил выражение своих мыслей, то Ожогова он наделил своими настроениями. Ожогов — «прекрас­ный человек прекрасной эпохи девятьсот семна­дцатого, двадцать первого годов». Ожогов борется за «честь» революции, за «совесть» ее. Он — подвиж­ник большевизма. Он раскрывает заговор вреди­телей. Символично окончание романа — Ожогов гибнет в волнах новой, созданной Полетикой реки. 
Передать связно содержание «Волги» трудно. Но пытаясь это сделать, я лишь указал на глав­ные фигуры романа. Общий фон его — борьба но­ вой России, СССР со старой Русью. Пресловутое  «Красное дерево», наделавшее столько шума, впле­тено в роман как эпизод и со своими шкафчика­ми буль и жакоб, с бисерными кошельками, с юродством и уродством, со всяческими своими странностями эту борьбу оттеняет. На одной сторо­ не — строительство, Полетика, социализм, созна­тельные работницы, светлое будущее; на другой — самоубийцы, истерички, вредители, подозритель­ные дельцы, косность, спячка, старый, жалкий, уходящий мир. Нельзя сказать, чтобы тема была поставлена оригинально. Еще меньше, чем ориги­нальности в ее постановке, отчетливости в ее раз­ решении. «Волга» написана так, как будто у авто­ ра все время была температура не ниже сорока градусов. Нарочитая, безудержная «достоевщина» всех диалогов такова, что они становятся похожи на бред и как бред неубедительны. Притом все ге­рои Пильняка говорят совершенно одинаково — и в том же складе и тоне прерывает их автор, чтобы самому высказать нечто довольно сырое, довольно вялое, двусмысленное, чувствительное и расплыв­чатое о России и революции. Стиль: «дом провали­вался в шепот женщин», «провинция, стекая пят­ ками Якова Карповича, уселась на диван», «Иван был пьян подземельем подлинного братства» — списываю наудачу. На одной странице: «свечи го­рели по-гётевски». На другой — свечи «гофманствовали». Попадаются и афоризмы, вроде того, что «колено женщины может быть величествен­ нее Монблана»... 
Несмотря на все это, роман талантлив. Это лите­ратура претенциозная и неудачная, но все-таки — литература: в «Волге» есть личность, есть замы­сел, есть ритм, т. е. жизнь. Ни Гладкову, ни Либединскому «сотоварищи» никогда ничего подобно­го, конечно, не написать. Но об этом приходится напомнить только потому, что в русскую словес­ность нахлынули сейчас плотной массой псевдо­писатели. Пильняк не из их числа, хотя среди писателей настоящих — как Леонов, Бабель, Оле­ша, Булгаков, Зощенко и другие, даже Федин, — он далеко не звезда. 
Интересна его книга потому, что это книга искренняя и в теперешних советских литератур­ных условиях бесстрашная. Дух ее — воинст­вующий. «Чувства должны быть уничтожены», утверждает один из героев «Волги». Пильняк пытается все старые человеческие «чувства» отстоять, надеясь, очевидно, что могут быть и волки сыты, и овцы целы. 


 
­ 
";1931
«Угар» Д. Фибиха;Фибих Д.;"«Угар» — если не ошибаюсь, первый роман молодого московского беллетриста Даниила Фиби-ха. Вместе с несомненными литературными спо­собностями начинающий автор обнаружил в этом романе и не менее несомненную «ловкость рук». Дело в том, что в «Угаре», собственно говоря, два романа. Один — очень бойкий, заниматель­ный, картинный, с налетом уголовщины и мно­жеством эффектных подробностей, другой — ка-зенно-добродетельный, условный, схематический, нужный, по-видимому, только для прикрытия и оправдания основного повествования. 
Старый рабочий Чагин, выдвинутый революци­ й на ответственный пост, строит новую, необходи­мую для советской промышленности прядильную фабрику. На пути своем этот стойкий и честнейший коммунист встречает множество препятствий. Ему мешают сослуживцы, его заподозревают даже в злоупотреблениях. Но правда побеждает. Реви­зия не обнаружила в делах Чагина ничего проти­возаконного. Врагов его снимают с работы. Фаб­рика достроена. В день ее открытия Чагин вполне счастлив и забывает даже все свои домашние огор­чения. «Все это было посторонним, не настоящим, не его», — замечает автор. На этом бодром аккор­де «Угар» оканчивается. 
А огорчаться тов. Чагину есть из-за чего... Но тут нам придется коснуться второго романа, включенного в «Угар». У Чагина есть молодая жена, Нина Павловна, «обезьянка», как он ее зо­вет. Обезьянка с Чагиным скучает. «Он такой... спокойный... — объясняет она подруге. — Придет домой поздно, усталый, голодный. Поужинает и сразу спать. Как мне иногда недостает... понимае­те?» На беду или на счастье, к Чагину возвраща­ется его сын, которого он считал давно убитым. Сергей — странный молодой человек, молчаливый, скрытный, но «обезьянке» он кажется неотразимым. Повторяется история Федры с Ипполитом с той разницей, что Ипполит в «Угаре» весьма бла­госклонен к своей мачехе. Чагин застает любов­ников в объятиях. По случайности тут же выяс­няется, что Сергей — бывший налетчик, громила, его приходят арестовать. Сергей убегает, и Чагин на лестнице стреляет в него, не то как в преступ­ника — из гражданской сознательности, не то как в соблазнителя «обезьянки» — из ревности. 
Именно все эти весьма неприятные происше­ствия и пытается позабыть Чагин во время торже­ственного открытия фабрики, что ему и удается. «Чувства должны быть уничтожены», мог бы он повторить вслед за героем Пильняка. 
«Угар», вероятно, будет иметь успех у так называемого «среднего» или «рядового» читате­ля. Книга написана очень живо, местами очень правдиво. Кстати, как и у Пильняка, название может ввести простодушных людей в заблуждение. «Угар» — следует понимать у Фибиха в «произ­водственном значении»: оказывается, это слово обозначает отбросы хлопка. 


";1931
«Соть» Леонида Леонова;Леонов Л.;"Нередко случалось в истории литературы, что книгу, которую впоследствии читало и перечитывало несколько поколений, при появлении ее называли «пробой пера», а автора, который достиг в ней высокого творческого подъема, характери­зовали как «подающего надежды». Критик пи­сал, снисходительно похлопывая автора по пле­ чу: «Теперь перед г. X открывается широкая до­рога. Будем надеяться...» А г. X уже сказал все главное, что ему назначено было сказать, и того, что он сказал, было уже вполне достаточно, чтобы иметь право идти своей собственной дорогой, ши­рокой или узкой, — и даже остановиться, если нет больше сил. Пушкину и Толстому в свое время, после величайших созданий, все еще предлагали «выйти на широкую дорогу»... Надо добавить, что даже самые проницательные критики этой близору­костью страдали и страдают. Сент-Бёв, например, именно так приветствовал бодлеровские «Цветы зла»: автор — признавал он — несомненно талант­ лив, у него есть поэтические задатки, и хотя пер­вые его опыты не вполне удачны, от него ждать можно многого. Предвидел ли он судьбу и славу этих первых опытов? 
Сегодня я собрался писать о новом романе Леонида Леонова и если коснулся темы «обещаний и свершений», то лишь потому, что вспомнил «Вора» — его предыдущий роман. «Вор» был огром­ным обещанием. Забегая вперед, скажу сразу, что новая вещь Леонова «Соть» разочаровывает. Обе­щания автор пока не сдержал. Но, может быть, в «Воре» Леонов уже весь выговорился, может быть, эта книга и есть его «свершение», после которого мы от автора не вправе ничего больше требовать, и болтаем мы теперь о неоправдавшихся надеж­дах лишь по привычке. Не думаю. Основное впе­чатление от «Вора» сводится к тому, что он напи­сан начерно. Эта книга — незабываема, труднозабываема во всяком случае, по «страсти и мучению», вложенному в нее, по размаху, блеску и даже глу­бине некоторых страниц. Это, в сущности, — един­ственная из всех написанных за последние годы книг, которая, внутренне апеллируя к Достоев­ скому, выдерживает воспоминание о нем, не рас­сыпается в прах при отдаленном сравнении с «Бесами» или «Карамазовыми». Но в «Воре» постоянно чувствуется, что в авторе его еще не все перебродило. Роман декоративен, цветист, громоз­док, в нем есть склонность к «фразе», а за фразой в нем есть фальшь. Некоторые новеллы Бабеля или «Зависть» Олеши можно, пожалуй, без особого риска причислить к вещам, которые «останутся»; они, кстати, на то и рассчитаны. В «Воре», напи­санном «как из ведра», при гораздо большем богат­стве больще и мусора. Известно было в годы появ­ления «Вора», что Леонов еще очень молод. По­ этому «бродить» для него казалось естественно, — и больше было доверия к писателю, хотя бы и со­ рвавшемуся, но с большой высоты, нежели к тем, 
кто сравнительно удачно и благополучно разрешает сравнительно скромные задачи. Вопрос был только в том, оправдает ли Леонов доверие. 
Определенного и решающего ответа на этот вопрос в «Соти» нет. Правильнее всего сказать, что роман этот дает Леонову право на отсрочку и что, нисколько не колебля в нас убеждения в исклю­чительной одаренности автора, он ничего нового о нем не говорит. Леонов как бы отсутствует в «Со­ти». Роман написан если и не на заказ, то все же под давлением тех лиц и настроений, сил и веяний, которые ныне литературой в России управляют. Бесспорно, главнейшая причина разочарования в этом и лежит. Леонов спустился с тех «вершин», на которых — худо ли, хорошо ли — он держался в «Воре», на гладкие полянки «производственной беллетристики», где героем является не столько человеческая душа, сколько какой-нибудь турбогенератор. «Соть» повествует, подобно тысяче дру­гих советских романов, о строительном энтузиаз­ме масс и борьбе их за социализм. Правда, Леонов то и дело рвется и вырывается на волю из постав­ленных им себе рамок. По природе это человек достоевско-дантовской складки, с «раем и адом» в душе, со страстным вниманием к теме греха и воз­даяния, ко всякого рода «проклятым натурам» и судьбе их. О строительстве ему писать нелегко. Он- то уж, конечно, не верит советским мудрецам, будто интерес к человеку есть свойство и особен­ность мещан, что теперь та литература и права, которая помогает пролетариату в его классовой борьбе. Он по опыту знает, что это не так. Но он притворился убедившимся, поверившим, он надел общеобязательную маску благопристойности, и ко­гда «Соть» читаешь, становится за автора обидно. Некоторые темы «Вора» Леонов продолжает й в «Соти». Но делает это он бегло, торопливо, тай­ком. Наоборот, о пролетарском энтузиазме повест­вует красноречиво и внятно, явно подчеркивая, что это в романе и есть самое существенное. Разочаро­вание, которое приносит «Соть», есть прежде все­ го разочарование в характере Леонова: «не выдер­жал, сдался, пошел на компромисс...» Было бы с нашей стороны недомыслием и легкомыслием кого-нибудь за такой «компромисс» теперь в России упрекать. Тем более — осуждать. Но чувство горе­чи остается; 
Талантливость Леонова, повторяю, обнаружи­вается и в «Соти» с исключительной силой. Ого­ворюсь, что на мой вкус у него неприятная, вити­еватая, слишком «литературная», часто безвкус­ная манера писать. Первые страницы читаешь не без раздражения... Но уже Через полчаса чтения с автором не споришь, ему ни в чем не возражаешь. Он берет читателя «за жабры», как выражаются в просторечий. Пишет он о каких-то полоумных монахах, принимающих у себя в скиту незваных советских гостей: казалось бы, положение не осо­бенно увлекательно... Но и этот мешковатый, дубоватый Увадьев, коммунист-инженер, и спутни­ки его, и скитские встревоженные старцы, все мало-помалу оживают под пером Леонова — и та же таинственная, подлинная, ничем не разложи­мая жизнь возникает всюду, что бы Леонов ни описывал и о чем бы ни говорил. Леонову, вероят­но, не очень хотелось писать «Соть». Но в процессе писания, касаясь людей, изображая их, застав­ляя их говорить и действовать, он не мог не «вдох­новиться», и упражнение на заданную тему у него само собой, помимо его воли, может быть, превра­тилось в настоящее творчество. 
Соть — река на севере России. Бесконечные леса тянутся от берегов ее в глубь страны. Пус­тынная, даже величественная природа. Темные, суеверные люди. Тысячи лет прошли над этим краем, не изменив его. Но настала пора «строи­тельства». Здесь, именно здесь, в этом глухом углу социализм должен дать бой стихиям и человечес­кой косности. Так полагает мечтатель Потемкин, председатель местного губисполкома, один из ду­ховных сыновей чеховского полковника Вершини­на. Ему мерещится: «край благоденствует, лозун­ги о социализме сходят в жизнь со своих уличных полотнищ. При электрическом свете мужики кол­лективно едят многокалорийный обед и, благо­дарно любуясь на портрет комбината, слушают ра­ диомузыку». Практически он решает, что энергия и богатства Соти должны быть использованы для огромных бумажных фабрик. После долгих мы­тарств по высоким московским инстанциям его проект принимается. На Соти возникает Сотьстрой. Рабочие тянутся на Соть из близких и далеких губерний. Едут на Соть инженеры. Новый быт и новая жизнь начинают теснить старину... 
Инженер Увадьев приезжает на строительство первым. Он целиком посвящает себя этому делу. Увадьев — вполне новый человек. В беседе с од­ ним из сотинских монахов он говорит: «Душа — чудное слово... Видишь ли, я знаю ситец, хлеб, 
бумагу, мыло. . я делал их, или ел, или держал в руках... я знаю их на цвет и на ощупь. Видишь ли, я не знаю, что такое душа. Из чего это де­ лают? где это продают?» Увадьев, может быть, и остался бы в своем неведении, если бы не приеха­ла вместе с ним химичка Сузанна Реннэ. Упорная и молчаливая страсть, усиливающаяся от одино­чества, владеет им. Главный инженер, Бураго, тоже любит Сузанну. Они друг с другом говорят только о работе: оба боятся откровенностей, признаний, всего того, что может от работы отвлечь или ей помешать. 
Сузанна встретила на Соти старого знакомого. Когда-то, на одном из гражданских фронтов, она по случайной прихоти помогла спастись белому офицеру. Теперь этот офицер живет в скиту, он принял имя Виссариона и постриг. Впрочем, ненадолго. Едва только началось на Соти строительство, как Виссарион не без искусства разыграл роль «прозревшего» и в награду за помощь по борьбе с религией получает пост заведующего клубом для рабочих. Виссарион — странный человек. Не то он трус и пройдоха, просто-напросто норовящий укрыться где потеплее. Не то — «идейный» враг коммунизма, в бреду и чаду развивающий какие-то сумбурные, но явно контрреволюционные исто­рические теории. 
— Чего вы хотите? — спрашивает его в харак­терно «Достоевском» диалоге Сузанна. 
— Воскресения душ и... Душа изгоняется из мира сквозь строй шпицрутенов и палок. Чудови­ще, родившее Библию, Коран, Илиаду, стало кля­чей. Ей не поспеть, она хромает. Эллада, равновесие начал, единство остались позади, за кормой... Слушайте, я говорю: назад, к тезису. Неясно? Назад к праматери всех Эллад... Земле нужен боль­шой огонь. И, верьте, ураган этот наступит, Аттила придет в нем. В годы войны и нищеты в России уже рождался этот ребенок... наступало прозре­ние истины... Он придет на коне, одетый в лоскут цвета горелого праха, в волосах его ветер, в бро­вях полынь. Слабые вымрут в год, а сильных он посадит на коней и поведет назад, к тезису. Стрелка потечет вспять, через темные дни, ей придется переплывать реки крови, карабкаться через Гима­лаи обессмысленных вещей...» 
— Они разобьют погреба и выпьют всю вод­ку! — резонно возражает Виссариону прозаичес­кая Сузанна. 
Но офицер-монах-коммунист не слушает ее. Он утверждает, что «все человечество только и живет надеждой на Аттилу». 
На деле мечты Виссариона о новом «биче все­ленной» превращаются в хитрое, банальное, мел­ кое антисоветское вредительство. Ход работ на Сотьстрое задерживается. Борьба с природой так же тяжела, как и борьба с людьми, с темными местными крестьянами, «кулаками». Увадьев всегда чувствует руку «завклуба», Виссариона. Он вообще к вредителям беспощаден. «Под суд его!» — говорит Увадьев о каждом из них. Правда, Бураго, который умнее и опытнее Увадьева, знает, что не в одних «вредителях» дело. «Э, батенька, — отвечает он Увадьеву. — Россию под суд не отдашь. Ее преодолевать надо»... Но мало-помалу светлые и добрые начала, т. е. в данном случае строительство социализма, одерживают верх: Виссариона кто-то убивает, мужики убеждаются в полезно­сти начатого дела, природа подчиняется воле че­ловека... Огни Сотьстроя сверкают и уже не по­ меркнут, пока не исполнится мечта Потемкина. Только Увадьеву и Бураго не по себе. Сузанна пред­почла им обоим третьего инженера, помоложе и побойчее. Но за их личные несчастья судьба воз­ награждает их удачей дела. 
Вот в нескольких словах схема «Соти». Роман развивается гладко и медленно, без обычного леоновского напряжения. Напряжение есть только в некоторых разговорах — как, например, в том, который я цитировал, — но оно не воплотилось в образы, не вошло в «плоть и кровь» романа. Лео­ нов промолчал в «Соти» о всем том, что — судя по предыдущим его произведениям — больше всего его занимает и волнует. «Соть» — не то, далеко не то, чего от Леонова мы ждали. Но это все-таки книга замечательная, — и во всяком случае не разубеждающая нас в том, что по силе даже у Лео­ нова среди молодых русских романистов сейчас почти нет соперников. 

 


 
";1931
«Бруски» Ф. Панферова;Панферов Ф.;"Вот книга, которая за все время существования советской литературы имела наибольший официальный успех. Если бы теперешняя советская печать выражала общественное мнение страны, сле­довало бы сказать: вот книга, о которой говорит вся Россия. 
Но Россия молчит. Вместо нее говорят только те, кому, в виде исключительной привилегии, это право предоставлено. Действительно ли милли­онные безгласные российские массы захвачены 
«Брусками», мы не знаем. Но в журналах и газе­ тах, на диспутах и в литературных кружках об­ суждение и разбор «Брусков», начавшиеся с год тому назад, не прекращаются до сих пор. Выход второго тома панферовского романа увеличил и без того исключительное внимание к нему. 
Сам Панферов на диспуте, происходившем этой осенью в Москве, заявил, что у него собрано пол­торы тысячи отзывов на первую книгу «Брусков». С тех пор, после появления второго тома, число их по меньшей мере удвоилось. Тираж «Брусков» превысил шестьсот тысяч экземпляров... Для рус­ской печати это цифра рекордная. Без риска оши­биться можно сказать, что никогда ни один ро­ман, написанный на русском языке, не имел та­ кого распространения. Правда, раньше были совсем 
другие условия: каждый покупал и читал, что хочет: книжный рынок не только был меньше по «вмещаемости», он был неизмеримо свободнее... Теперь в России десятки тысяч библиотек, — каждая из них обязана иметь «Бруски», и притом не в одном, а в нескольких экземплярах. Обязан быть знаком с «Брусками» всякий, кто сколько-нибудь причастен к так называемой «культработе»: ина­че он будет с этой работы рано или поздно «снят»... Ибо не знать «Бруски», значит проявить прене­брежение к величайшей духовной ценности, кото­рая сейчас в Советском Союзе имеется: к генераль­ной линии коммунистической партии. Некоторые из романов, посвященных «строи­тельству», имели в свое время у партийной крити­ки успех очень большой: «Цемент» Гладкова, на­ пример, возбудивший необъяснимые восторги и за границей. Другие вызвали оживленнейшую поле­мику, бесконечные споры, — как «Рождение ге­роя» Либединского, о котором мне пришлось пи­сать не так давно. Но с «Брусками», по существу, не спорят: «Брусками» клянутся, «Брусками» по­ ивают друг друга, и цитатами из романа Панфе­рова уничтожают противника так же, как ссылка­ми на Ильича. Характерно, что в чудовищной пу­танице теперешних советских критических споров каждая группа пытается Панферова перетянуть на свою сторону. В полемике о Либединском одни были «за», другие — огромное большинство — «против». Когда речь идет о Панферове, все, реши­тельно все, оказываются «за»: «и «налитпостовцы», и «блок», и «тов. Бек с тов. Лидией Тоом», все критики, враждующие между собой не на жизнь, а на смерть, и по любому поводу обвиняющие друг друга в предательстве пролетариата. «Он наш, он наш!» — кричат они, простирая Панферову объя­тия. Происходит нечто подобное спору семи гречес­ких городов о Гомере. Новый Гомер, надо отдать ему справедливость, держится довольно независи­мо. Панферов заявляет, что он «сам по себе», т. е. ничей (группа Либединского, т. е. «налитпостовцы», ему все же ближе других). Как недавно узна­ли мы из одного интервью, помещенного в «Лите­ратурной газете», любимое слово Панферова — 
«чепуха». — Че-пу-ха! — и отвечает он на всевозможные 
зазывания со всех критических сторон. Панферов в своих силах уверен и цену себе знает: в том же интервью он невозмутимо заметил, что «у Толсто­го и Достоевского все строится только на замкну­тых человеческих взаимоотношениях, мы же смот­рим гораздо глубже...» 
Что же такое эти прославленные «Бруски»? Прежде всего — несколько слов о художественных достоинствах романа. На этот счет двух мнений быть не может: роман малоинтересен. Кажется, один только Луначарский признал, что «нельзя отметить каких-либо недостатков романа с худо­жественной стороны». Другие критики, всячески подчеркивая «социальную значимость» книги Пан­ферова, совершенно правильно отметили, что «по своей художественной культуре “Бруски” находят­ся ниже уровня, достигнутого пролетарской лите­ратурой в целом» (М. Гельфанд в «Красной нови»). Действительно, иной средний «пролетарский» ро­ман, о котором никаких толков не слышно, быва­ет как произведение художественное удачнее се­рых, тягучих, бескостных панферовских «Брус­ков». Талант у Панферова, по-видимому, есть, но состояние этого таланта самое первобытное, самое сырое. Решив, что он «глубже Толстого и Достоев­ского», Панферов, очевидно, находит, что ему как писателю над собой работать ни к чему. В том же интервью, о котором я уже упоминал, встречают­ся такие строки: 
— Я сейчас пишу третью книгу «Брусков». Она строится на том, что несметные природные бо­гатства уплывают в море и что мы не сумели ис­пользовать наши торфяные болота... Кто из класси­ков меня может тут чему-нибудь научить? Никто. Я сам занялся изучением торфяных болот, свойств и качеств торфа и его применения. 
Замечание само по себе резонное. Ни у Тол­стого, ни у Достоевского указаний на применение торфа Панферов не найдет. Панферов упустил толь­ ко из виду, что он пишет не доклад в Совет народ­ ного хозяйства, а роман... А насчет основ литературного творчества он мог бы узнать кое-что для себя полезное и новое не только у Толстого с До­стоевским, но и у любого среднего беллетриста. Его роман выиграл бы и в социальной «значимости», будь он написан иначе. В настоящем своем виде — это только материал для будущего художественного произведения. Материал значительный и любопыт­ный. Однако если некоторые советские критики утверждают, что «у наших врагов “Бруски” исторг­ нут вопли ярости, разочарования и злобы», то они ошибаются. Как всякий сырой материал книга Панферова оставит даже самых впечатлительных врагов большевизма спокойными. Им будет скуч­но эту книгу читать — за это я ручаюсь. Но ника­ких воплей она у них не «исторгнет». 
В «Брусках» очень подробно и кропотливо изо­бражена жизнь современной русской деревни. В ро­мане — огромное количество действующих лиц. Характеристики их, за несколькими исключения­ ми, расплывчаты, повествовательной связи меж­ду их поступками мало, и в целом роман Панфе­рова сливается в какую-то «толчею», в которую автор тщетно пытается внести порядок. Не слу­ чайно Панферов обещает продолжать свои «Бруски» чуть ли не бесконечно. Почему бы, действительно, ему и не продолжать их? Замысла в романе нет. Есть только описание, изображение. Сегодня в крестьянскую коммуну привезли новый трактор, завтра у председателя совета заболела жена, по­слезавтра крестьяне между собой повздорили... Обо всем этом можно рассказывать сколько хватит сил и охоты, тем более что и «генеральная линия» партии терпит время от времени метаморфозы, что должно быть в очередном томе «Брусков» отраже­но, или, как теперь говорится, «выявлено». 
Замысла в романе нет. Но, разумеется, есть в нем тенденция. В самом общем виде тенденция эта может быть выражена словами: «от мрака к све­ту». Конкретно же в панферовском «оформлении» (другое сомнительное словечко, полюбившееся советским журналистам) мрак соответствует инди­ видуальному ведению крестьянином своего хозяй­ства, а свет — переходу в колхоз. «Бруски» — не только роман о колхозе, но и роман, наглядно показывающий, что в колхозе крестьянину работать выгоднее и приятнее, чем вне его. Было когда- то на берегу Волги барское поместье под названи­ем «Бруски». Барин умер до революции, поместье должно было достаться богатому мужику, «кула­ку» Егору Чухлеву. Но им завладела деревенская беднота. В «Брусках» эта беднота устроила ком­муну и, несмотря на разные неурядицы, наладила общее хозяйство. Причем же тут пресловутая «ге­неральная линия»? — спросит читатель. Притом, что в изображении всех перипетий перехода к «коллективизации» Панферов руководствовался указа­ниями власти и демонстрировал, к каким гибель­ным последствиям приводит уклонение от этих указаний, как благодетельно, наоборот, их проведе­ние в жизнь. Надо сказать, что разбор «Брусков», по существу, выходит за пределы литературной критики: критику здесь должен был бы помочь агроном. Но то, что рассказывает Панферов о на­ строениях современной деревни, ценно и даже заме­чательно. Панферов ничего не выдумывает, да и не мог бы он выдумать столько положений, взаимоот­ ношений, фактов, типов, лиц: это, несомненно, за­ писи «с натуры». Из этих записей плохо склады­вается роман, — и «Бруски», повторяю, плохой роман, — но сами по себе записи интересны. 
В центре повествования — некий Кирилл Ждаркин. Именно он, Кирилл, «Кирька», является орга­низатором коммуны. Из армии, после демобили­зации, возвращается он в родную деревню. Его поражает общая косность, нищета. Он усиленно занимается своим хозяйством, но вовремя спохва­тывается: так ведь и в кулака легко превратиться. Кирилл отправляется в город, поступает на завод. 
Пелена наконец спадает с глаз его. Долой собствен­ность, коммуна, колхоз — вот спасение. Кирилл опять идет в деревню и в среде, уже подготовлен­ ной старым энтузиастом-болыневиком Степаном Огневым, организует общую жизнь на социалистических началах. У Кирилла Ждаркина в деревне много врагов. Советская критика усиленно хвалит Панферова за то, что он в «Брусках» воплотил ленинское учение о «двух душах» крестьянина: душа торгаша, приобретателя, и душа труженика... Действительно, даже враги Кирилла, за ис­ключением самых заклятых, начинают колебать­ся при виде достигнутых им успехов. Классовая борьба идет не только между отдельными группа­ ми крестьян, но и в индивидуальных сознаниях. Кирилл тут-то и проявляет чудеса тактической муд­рости, по последним партийным рецептам. За исклю­чительные заслуги его назначают членом ВЦИКа. 
Это, впрочем, не мешает ему в конце второго тома «Брусков» оказаться в затруднительном положе­нии и даже выпустить власть над коммуной из сво­их рук... Было бы слишком долго рассказывать, почему и как это происходит. В дальнейшем, несомненно, Кирилл ошибки свои исправит. Пан­феров ведь только для того и заставил его эти ошибки сделать, чтобы показать, как их надо «лик­видировать» . 
Вокруг Кирилла Ждаркина — толща кресть­ян. Ради общей их панорамы книгу Панферова следует прочесть и тому, кто в спасительность кол­хозной идеи не верит и использованием торфа не озабочен. Кирилл — фигура довольно ходульная. Но в рассказе о тех, кто его окружает, есть наблюдательность и правдивость. Качества эти Панфе­ров мог бы, пожалуй, использовать в ряде очер­ков лучше, чем в романе, но «Бруски», в сущно­сти, на ряд очерков и распадаются. 
Во всех книгах, приходящих к нам из России, сквозь их условность и казенщину одно чувству­ется несомненно и неизменно: Россия перерожда­ется, она не та, чем была, и такой, как была, уже не будет... Это утверждение отрицательное. Утверж­дать что-либо положительно — какой она будет — еще слишком рано. Но всякий материал, увели­чивающий основательность наших догадок, ценен. В «Брусках» такого материала — изобилие, и ка­сается он основного слоя русского народа. Если верить, что колхоз Кирилла Ждаркина рано или поздно распадется, надо тем более знать, каков он был, как к нему люди относились, чего ждали от него, почему в нем разочаровались. Как документ осведомительный, «Бруски» — книга первостепен­ной важности. О том, что мы из нее узнаем, — когда-нибудь в другой раз. 





";1931
«Последний из Удэге» А. Фадеева;Фадеев А.;"А. Фадеев — автор «Разгрома». Роман этот, в противоположность большинству книг, удостоенных особо лестным вниманием советской критики, еще не забыт, — и его до сих пор не толь­ко цитируют и комментируют теоретики «пролет-литературы», но и читают люди, которым ни до каких теорий дела нет. 
Как известно, советская словесность разделя­ется сейчас на два разряда: пролетарский и попут­нический. К попутчикам относятся те, которые наполовину являются «детьми Октября», которые еще позволяют себе о чем-то самостоятельно ду­мать и даже иногда сомневаться, ограничиваясь только общим, принципиальным сочувствием ре­волюции... Пролетарские писатели, наоборот, свя­заны с революцией органически и своих мнений и мыслей не имеют: за них думает ЦК партии. Разумеется, в советской России разница между теми и другими «работниками пера» определяется ина­че. Но отсюда, с птичьего полета, она представля­ется именно такой, — а главнейшей отличитель­ной чертой попутчиков является то, что они гораздо талантливее, интереснее и живее своих собратьев. В сущности, все живущие и печатающиеся сейчас в России писатели, которые звания писателя до­стойны, — попутчики: Леонов, Пильняк, Бабель, Всеволод Иванов, Федин, Зощенко, Олеша, Ката­ев — все они руководящей московской критикой превозносятся или преследуются в зависимости от того, насколько усвоено ими «мировоззрение по­бедившего класса». Но как в каком-то щедринском рассказе некий строгий педагог ставил двенадцать баллов только Господу Богу, одиннадцать себе, а лучшему ученику в классе — десять, так и совет­ские критики вполне довольны писаниями попутчи­ков не бывают никогда. Отметка «отлично» заре­зервирована ими для пролетарских беллетристов. Беда только в том, что эти беллетристы ничего отличного или хотя бы просто сносного не пишут. 
Фадеев — одно из редчайших среди них ис­ключений. Мне кажется даже, что это единствен­ный действительно даровитый у них человек. Он может выступать на десяти съездах в неделю с какими угодно речами по каким угодно готовым, данным свыше, схемам, но только он садится за ро­ман или рассказ, в нем пробуждается художник — честный и зоркий. Не так давно я писал о Либединском и его теории «живого человека». Фадеев примыкает к группе Либединского и разделяет его взгляды, но то, что Либединский осуществить не всегда в силах, — то Фадееву удается. Нельзя было в свое время не заметить «Разгрома» и не выде­лить его из всей официально одобренной россий­ской литпродукции. Пусть в романе этом была тен­денция, пусть те, кому такое занятие нравится, могли выискивать в нем «вспышки классового са­мосознания», «волю пролетариата к победе» и про­чее, — но роман увлекателен и для людей с еще свободным рассудком. Была в романе настоящая жизнь, и как жизнь допускает всегда и везде раз­ личные «точки зрения», так и то, что рассказал в «Разгроме» Фадеев, можно истолковать по-разно­му. Именно в этом и сказывается его превосход­ство над Либединским: у того — олеография, одна плоскость, один смысл, и кому душевные разлады партийных Гамлетов не особенно любопытны, тому не нужен и Либединский. Фадеев же интересен всякому, кого интересует жизнь. В его умной и ясной книге было заключено свидетельство об эпохе 
и о людях данной эпохи. «Последний из Удэге» — новый роман Фадеева. 
О нем сейчас много пишут в советских журналах, много говорят. Общий тон этих писаний и разго­воров — некоторая неудовлетворенность. От писа­теля ждали произведения «актуального», повеству­ющего, например, об осуществлении пятилетки в четыре года или об ударничестве, а он унесся на берега Тихого океана и опять рассказывает о парти­занах, о первых годах гражданской войны, о крас­ных и белых. Фадеев, по-видимому, предчувство­вал упреки и дал поэтому к своему роману наив­ное и нелепое предисловие, где уверяет, что «идеей его является мысль Маркса и Энгельса, гениально развитая Лениным». Мысль эта сводится к тому, что «единственным путем освобождения человече­ства от рабской, нищенской, уродливой жизни яв­ляется путь пролетарской диктатуры». Предисло­вие ничего хорошего не обещает. Но роман хорош. Опять — как и после «Разгрома» — создается впе­чатление, будто Фадеев-теоретик, партийный дея­тель, член всяческих президиумов во всевозмож ных Раппах и Маппах, автор всяческих резолюций, — это один человек, а Фадеев-художник — совсем другой. Не знаю, насколько впечатление соответствует действительности, не берусь решить загадку. Но подчеркиваю еще раз, что Фадеев — подлинный писатель. 
Удэге — маленький народец, живущий в Ус­сурийском крае. Еще задолго до революции рус­ский рабочий Мартемьянов, убивший пристава, прожил в этом краю несколько лет, спасаясь от преследования властей. 
Теперь Мартемьянов — видный деятель «земпредревкома». Вместе с подростком Сережей Костенецким, сыном доктора-революционера, он об­ ходит города и села, подготовляя повстанческий съезд. По пути он встречает старого приятеля, удэгейца Сарла, принимает его приглашение по­сетить их становье, попадает опять в знакомую обстановку. Фадеев тщательно описывает быт и обряды удэгейцев — и пытается иногда показать, как в этом полудиком народце пробуждается революционное сознание и как осуществляется «мысль Маркса и Энгельса, гениально развитая Лениным». Но лучше этого ему удаются образы людей — пыл­ кого и вечно встревоженного Сережи, простодуш­ного Мартемьянова, начальника партизанского отряда, отдельных партизан, отдельных удэгей­цев — и особенно удается ему природа, девствен­ная и мощная, на окраинах Азии, с ее тайгой, го­ рами и океанами. Люди сливаются с природой, природа сливается с людьми. Фадеев и в «Разгро­ме» находился под сильнейшим влиянием Толсто­ го. В «Последнем из Удэге» следы усердного (ско­ рее «творческого», чем робко-ученического) чтения Толстого заметны повсюду. Отчетливее всего вспо­минаются «Казаки». Даже разговоры и мысли геро­ев Фадеев — толстовские: «Что такое счастье?», — спрашивают все они. Для Сережи счастье — в исканьях невиданного и необычайного, удэгейцы его интересуют, так сказать, по «майнридовски». Для Мартемьянова — в работе. Для других — в борь­бе. Старый, мудрый удэгеец учит: «Счастье — это сама жизнь». «Этот завет, пожалуй, устарел», — возражают ему. «Да, — отвечает старик, — мно­гие нарушили его, но нельзя сказать, чтобы они от этого стали счастливее». Разумеется, автор дает понять, что, по его личному мнению, счастье це­ликом заключено в диктатуре пролетариата. Но это мнение не мешает ему изображать мир и человека правдиво — и не заставляет его заменить искусст­во трафаретом. 
Интересный и талантливый роман этот еще не окончен. Вышла отдельной книгой его первая часть. Дальнейшие главы печатаются в журнале «Ок­тябрь». 



";1931
«Зависть» Юрия Олеши;Олеша Ю.;"Вот уже несколько лет, как вышла повесть Юрия Олеши, но до сих пор не прекращаются споры и толки о ней. Нет в советской литературе произве­дения, которое удостоилось бы такой же судьбы. Успех? Успех бывал и больший: официальный — выпавший на долю романов Гладкова или Панфе­рова; подлинный — как успех некоторых романов Леонова, например. Судьба книги Юрия Олеши иная. Книга эта обращена к мысли, а не к чув­ству, она не волнует и может не нравиться, но неизменно удивляет, принуждает думать и, во вся­ ком случае, запоминается. Книга написана с ред­кой и счастливой стилистической отчетливостью, и так же отчетливо поставлена в ней тема. Здеш­ние читатели знают, конечно, о «Зависти», — хотя бы понаслышке. Как нельзя более кстати появле­ние повести Юрия Олеши в берлинском издании дает возможность всем прочесть ее, — вместо того, чтобы ограничиваться чтением пересказов, рассуж­дений и отзывов. 
Мне не раз приходилось слышать мнение, буд­то повесть Олеши — произведение отталкивающее. До известной степени это так, — и не случайно, а намеренно автор начал свою книгу со сцены откровенно физиологической, из тех, которые до сих пор в литературу не попадали. Противен может показаться и лукаво-иронический, заискивающий, нервный, взвинченный, ехидный, «сверх-достоевский» говорок главного героя повести — незадач­ливого интеллигента Кавалерова. Неприятна ис­терическая, карикатурная романтика его речей... Но неприязнь в данном случае надо преодолеть: книга стоит того. Она чрезвычайно умна. Она дает своеобразное объяснение тому, что происходит сей­ час в России и в мире, — и если объяснение это односторонне и чуть-чуть схематично, то нельзя все таки ему отказать в глубине. Я не думаю, чтобы  «Зависть» являлась перворазрядным художествен­ным произведением: нет, большой творческой силы в книге этой не чувствуется. Это бесспорная лите­ратурная «удача», в том смысле, как удачными надо назвать новеллы Бабеля и даже некоторые вещи Федина, — однако удача здесь происходит от срав­нительно бедного, малокровного (и, повторяю, схема­тического) ощущения жизни, от отсутствия боль­шого сопротивления в творческом материале. Произ­ведения Леонова, конечно, менее удачны, но Леонов все-таки значительнее как художник, — несмотря на все свои срывы, промахи и оплошности. Он пи­шет «как из ведра», — по слову Гёте, — и грех его только в том, что в таком виде он многое и остав­ляет окончательно. Олеша же будто водит тончай­шей кисточкой, смоченной какими-то ядовитыми растворами... Впрочем, об этом я уже писал, сразу после выхода «Зависти». Впечатление от ново­ го чтения ее осталось то же, что было. 
Интересен в «Зависти» замысел и прихотли­вое, искуснейшее развитие его. Два лагеря пред­ставлены Олешей: в одном победители — Андрей Бабичев, бывший «политкаторжанин», а ныне пред­седатель колбасного треста; его приятель, футбо­лист Володя Макаров, «индустриальная личность», и другие; в противоположном — Кавалеров и Иван Бабичев, побежденные и униженные интеллиген­ты... Ни Андрей Бабичев, ни Володя Макаров не признают никаких сложных чувств. Все для них просто и ясно: мир идет к социализму, буржуазия есть классовый враг, кто не работает, тот не ест, лошади едят сено и овес, одним словом... Кавале­ров же изнывает, изнемогает от страстного жела­ния защитить уходящие из человеческой жизни чувства и оттенки чувств, от безнадежности своих попыток удержать их. Ни он, ни Иван не делают себе никаких иллюзий насчет будущего, — но оба они мечтают о том, чтобы хотя «оставить шрам на морде истории», которой не нужны оказались причудливые душевные богатства, накопленные пре­дыдущими поколениями. Кавалерова пугает гру­бость и простота наступающей жизни. Он весь съеживается при мысли о жизни, где остаются только расчет, польза и необходимость, — где лиш­ней оказывается «нежность», столь дорогая ему. Он ужасается, представляя себе будущий челове­ческий муравейник. 
Очень многие наши современники, читая «Зависть», узнают в речах Кавалерова и Ивана Бабиче­ ва свои собственные сомнения и тревоги. «Борьба идет за сохранение человека», формулировал не­давно положение «на фронте европейской культу­ры» Томас Манн. В сущности, за человека ратует и спившийся, сбившийся с пути Кавалеров, — ратует витиевато, трусливо, но все-таки за него... 
И нет другой русской книги сейчас, где вопрос о человеке был бы поставлен автором с большей прямотой и резкостью. 
Разрешение вопроса Олеша дает, конечно, та­ кое, которое одно только, при нынешних услови­ях, и возможно. Победители торжествуют. Автор им сочувствует. Но удивительно, что советская критика, встретившая «Зависть» с наивной восторженностью, — не заметила в книге Олеши того, что нам, здесь, со стороны, так в ней очевидно. Глубокой двусмысленности ее, именно в разреше­нии темы. Критика эта правильно указывала, что Андрей Бабичев — больше делец, чем революцио­нер, что Макаров, как тип, не особенно характе­рен, но этим она и ограничилась. Она не уловила того, что весь пафос Олеши и, можно даже ска­зать, все его вдохновение вложены в образ и речи Кавалерова, что как этот «герой» ни карикатурен, соседство с ним оказывается для веселого колбас­ника и самодовольного футболиста не совсем вы­ годно. Если бы попытаться выяснить, что «хотел автор сказать» в данной вещи, то вывод, пожалуй, получился бы не совсем тот, который делается в московских журналах. Не надо для этого читать между строк: достаточно читать текст Олеши без предвзятой мысли, будто победители всегда пра­вы. «Горе побежденным», — говорит Олеша, — это действительно так. Но он добавляет другое, чего в Москве не поняли или не захотели понять: «слава побежденным». 


";1931
Величие и падение Андрея Полозов;Рыкачев Я.;"Поучительное дело — чтение советских журналов. Психологу и моралисту могут они дать несравненный материал для изучения человека, для размышлений о нем. Правда, размышления окажутся односторонние, грустные и ограничены будут они человеческой угодливостью, прислуж­ничеством, или, по-советски, «приспособленче­ твом». Но зато в этой области богаче материалов не найти. 
Иногда, читая статейку какого-нибудь Авер­баха или подголосков его, невольно думаешь: не­ужели это кого-нибудь может обмануть? Неужели существуют люди, которым не ясно, что двигате­лем этого пафоса, этой иронии или гнева является прежде всего карьеризм, бесстыдный по природе своей и виртуозный по методам? Мне не раз уже случалось на эти темы писать. Несколько лет тому назад были все-таки у советских журналистов ка­ кие-то «задерживающие центры», внушающие им известную меру в лести, в априорном, восторжен­ ном согласии с любым циркуляром «ЦК нашей партии» и особенно в борьбе за существование, на деле сводившейся к взаимной травле. Теперь все преграды уничтожены, все рекорды побиты... Возражение, которое нередко здесь делается: «нельзя судить тех, кто там, не входя в их положение, не учитывая, как им тяжело» — это выражение бьет в данном случае мимо цели. Не о суде над истин­ными мучениками мысли и слова идет речь — имена их мы чтим не меньше, чем чтут их в Рос­сии, — а об оценке литературных проходимцев, которые всегда, всей душой с теми, кто физически сильнее, всегда там, где безопаснее, о «юрких ни­чтожествах», одним словом, — если воспользовать­ся выражением Троцкого. Недавно мы получили авторитетное возражение по этому вопросу. Авто­ритетное потому, что пришло оно из Москвы, сле­довательно, написано en connaissance de cause. Оно доказывает, что в Москве относительно «юрких ничтожеств» держатся того же мнения, что и мы здесь, — и даже острее их понимают, тоньше ана­лизируют сложнейший механизм их постоянного непрерывного труда по успешному приспособлен­честву. Я имею в виду «Величие и падение Андрея Полозова», повесть Як. Рыкачева, помещенную в майской книжке «Нового мира». Это — замеча­тельная вещь, одна из самых интересных в совет­ской литературе за последние годы. 
Андрей Полозов молод, талантлив, не глуп. Ему двадцать четыре года, он «всего лишь на один­надцать лет старше революции». К ней, к револю­ции, отношение у него двойственное: с одной сто­роны, он с революцией сросся, он к ней привык, он ее даже любит; с другой — она для него только «отличная житейская школа», первая ступень к другой жизни, более заманчивой и соблазнитель­ ной. Полозов — провинциальный журналист. Его статьи имеют большой успех. Он пишет о «музее революции, о причинах ухода Толстого из Ясной Поляны, о детях-наркоманах, о переписке Герце­ на с Прудоном, о переливании крови, о русском сентиментализме, о стратегическом ходе красных под Уфой, о позднем Бакунине, о раннем Марк­се». Он чувствует особое пристрастие к боевым, революционным темам. Лицемерит ли Полозов? И да, и нет. Если в нем и есть лицемерие, то сна­ чала оно бессознательно. Полозов увлекается по­ током своих слов, не отдавая себе полного отчета в их значении. Честолюбие его безгранично. 
Что делать ему в провинции? Большому ко­раблю — большое плавание. Полозов отправляет­ся в Москву, снабженный рекомендательным пись­мом к некоему «видному товарищу». 
Москву надо завоевать. Это дело нелегкое. По­лозов готов строить социализм, готов защищать интересы мировой революции. Взамен он требует очень мало — «немного славы, немного житейских благ». Но только что сойдя со ступеней вокзала, стоя перед Триумфальной аркой, Полозов уже находит­ся во власти странных чувств... Две личности жи­вут в нем. Одна — напускная, поверхностная, со­ветская, другая — «достоверная», жадная, эгоис­тическая. Первая личность перед аркой твердит что-то заученное о «призраках истории, вышедших в тираж». Вторая мечтает о «чудесных вратах, ве­дущих к славе и счастью». Полозов не обольщает­ся, однако. «Ах, и подумать только, что эти врата ведут на скучную советскую Тверскую улицу, в скучнейшую жизнь столичного советского города, где для человека, как бы он ни был честолюбив и предприимчив, только и есть одна корысть: рабо­тать, не покладая рук, на пользу общую». 
Видный товарищ радушно принимает выходца из провинции. Полозов хочет расположить его к себе. Он притворяется простачком. Он, Полозов, никогда и мечтать не решился бы о Москве. Это «ребята» послали его в путь-дорогу. Он только под­ чинился воле «ребят». Полозов — весь как на ла­дони перед видным товарищем. Из четырех элемен­тов состоит он: отличное социальное происхожде­ние, комсомольский билет в кармане, твердое знание марксизма-ленинизма, острейшее чутье к уклонам от генеральной линии партии... Полозов уверен, что видный товарищ будет им очарован. Но тот почему- то хмурится. Полозов смущен. «Может быть, Моск­ве не нужны такие простаки?» Может быть, следо­вало только улыбнуться и «дать понять, что он, По­лозов, не хуже, мол, его понимает, что все в мире относительно?» Или прикинуться прозелитом, «сми­ренно принесшим на алтарь революции всю свою сложность?» Полозов в недоумении. Видный това­рищ глядит на него недоверчиво, но дает ему все-таки место в каком-то журнале. 
Начинается восхождение Андрея Полозова. Первая его московская статья очень удачна. Она называется «Советский пантеизм». Тема ее остра и неожиданна. «Вот тебе и провинция», востор­женно говорит редактор. Из всей статьи редактор вычеркнул одно только слово «соборный»: пахнет мистицизмом. Полозов вставил его в свою руко­пись намеренно, «чтобы не произвести впечатле­ние чересчур гладкого писателя». Статья иллюст­рирована примерами. Вот рабочий, которому на строительстве оторвало обе ноги. «Что, товарищ, страшно умирать? — А что страшного. Вот, — жест в сторону строительства, — за меня теперь турби­ны побегают». Жизнь при советском строе одна, едина везде. Смерти нет... Опять было бы ошибкой думать, что Полозов — грубый, холодный обман­щик. «Он, — замечает проницательный автор, — одарен был способностью создавать для себя вре­менные убеждения, сообразно с интересами». Он писал с «условной искренностью». 
За первой статьей последовали: «Бюрократизм как мировоззрение» и «Техника приспособления». Полозов достиг известности. Его имя упоминается в печати, на диспутах. Статья о приспособлении имела особенный успех. Он решился в ней на сме­лый ход. На основании собственного своего опыта он высмеял «приспособленцев». Никто не понял, что Полозов говорит о себе. 
Полозов — виднейший московский журналист. Он ненавидит, презирает своих конкурентов. Яр­ цев, например? Невежда, дурак — но зато... из де­ревенских пастухов. «Шутка ли сказать: пастух! Что бы я натворил с этаким социальным происхождением!» Полозов удивлен: «как ухитряются они го­реть на холодном пламени давно выветрившейся революционной фразеологии». Он лично увлекал­ся недолго. Теперь он знает цену словам и фразам. «Всякий устраивается на свой лад, как может и как умеет, а “великая душа” современности почи­ла сном мертвых, в 1919-1920 гг., под Перекопом и под Варшавой». Что дальше? Еще сорок лет про­зябания, еще тысяча статей, «сорок томов перма­нентного восторга»... Полозову скучно. Вспомним: ему надо было «немного славы, немного житей­ских благ». Теперь он требовательнее. 
Пролетариат в его представлении — деспот. Лести пролетариату довольно, он пресыщен ею. Ему нужны теперь жертвы. Царь Петр, желая ис­пытать преданность бояр и связать их с собою жестокой порукой, приказал им когда-то самолич­но рубить головы стрельцам. Пролетариат хочет того же от слуг своих. Полозов чувствует, что его 
«первоначальная защитная окраска начинает вы­цветать. Пора изыскивать новые, более сложные, способы мимикрии». По счастью, подворачивает­ся некий литературный салон, где «советской вла­сти не то что сочувствуют, а не возражают против нее». (Автор дает блестящую едкую характери­стику посетителей салона.) Полозов предпринимает 
«разоблачение». Он не твердо знает, чем собствен­но теперь занимается: литературой или доносами? Не все ли равно! Ему нужно доказать свою пре­данность революции. У него своя мораль: «этично все, что способствует торжеству Андрея Полозова». Общая мораль эпохи: «этично все, что спо­собствует торжеству пролетарской революции» — его не удовлетворяет, он не верит даже, «чтобы кто-нибудь относился к ней серьезно». 
Салон разоблачен, уничтожен. Полозов ищет других «стрельцов». Он безошибочно чувствует, на кого когда надо напасть. «Нередко тот, — говорит автор, — кто не живет жизнью своего времени, а только приспосабливается к ней, с изумительной прозорливостью определяет для себя малейшие сдвиги в окружающей его среде... Полозов нико­гда не запаздывал менять окраску и никогда не менял ее раньше времени». Впрочем, боясь как огня правого «загиба», Полозов изредка допускал «загиб» левый... «Его ласково поругивали, он сми­ренно каялся, иногда лишь разрешая себе этакую молодую и задорную строптивость». Энтузиазм, ничего не поделаешь. 
Но в конце концов Полозов впал в уныние. «Он устал от второсортной советской славы, от булыжных мостовых, от бескорыстия, навязан­ного ему эпохой, от необходимости порочить и клясть западную цивилизацию, от людей, одер­жимых пятилеткой»... Он чувствует, что карьера его ограничена местными и историческими усло­виями. «Он никогда не насытится камнем всеоб­щего благополучия вместо хлеба личного преус­пеяния». А молодость Полозова уже на исходе. «Дайте мне квартиру из трех комнат с ванной и газовой плитой, дайте мне свободу печати, дайте мне славу и деньги, много славы и много денег, дайте мне человечество, дайте мне парламент и собственную газету, дайте мне красивых бездель­ных женщин». 
Мир вокруг Полозова «серьезен и суров». Вме­сто парламента и квартиры с ванной он предла­гает ему место в ряду борцов за социализм. «Бла­годарю покорно! — отвечает Полозов. — Миллион лет ждала моя душа, чтобы выйти погулять на Божий свет, как сказал покойный писатель В. В. Ро­занов, а я буду еще стеснять ее всяческими рогат­ ками и кормить социалистическими пайками». 
Полозов замышляет бегство за границу, гото­вит покаянную антисоветскую речь... Но внезап­но происходит катастрофа. Вместе с рукописью статьи о «соцсоревновании», он, по ошибке, по­ слал в редакцию журнала листок из своего днев­ника, — как раз со ссылкой на Розанова. Листок попадает в руки «видного товарища». Карьера По­лозова гибнет. 
Автор признается в заключение, что «не счи­тает конец повести органичным». Он придумал его потому, что по старой литературной традиции ему захотелось «наказать порок». На деле множество Полозовых всех видов и толков продолжают успеш ное восхождение по советской лестнице. Их често­любие не так болезненно, они вполне довольны и советской славой. 
Это умное, сухое, насмешливое жизнеописание одного из «героев нашего времени» лишено каких бы то ни было беллетристических украшений. Но в неотвратимой логичности и правдивости своей оно увлекательнее любого романа. 
 




";1931
«Черное золото» А. Толстого;Толстой А.;"Интересно бывало порой, в первые годы революции, когда «трудящиеся массы», по приказу свыше, усиленно развлекались и просве­щались, — сидеть в кинематографе и следить за лицами зрителей. Особенно в провинции, куда раз в неделю доставлялись фильмы из «центра» и где часа за два до начала сеанса зал наполнялся пред­ставителями окрестных «сельсоветов» с чадами и домочадцами их, местными комсомольцами, рабо­чими и мелкими служащими. 
Картин советского производства тогда еще не существовало. Демонстрировались ленты довоен­ные, с Верой Холодной, среди роз и пальм умира­ющей от чахотки на руках рыдающего любовни­ка, или заграничные «мировые боевики». И вот эти-то «боевики» и производили самое сильное впе­чатление... В зале находились люди, которые от­ роду ничего не видели, кроме лесов, полей и убо­гих домишек на какой-нибудь Большой Дворян­ской, внезапно превратившейся в проспект Карла Маркса. Некоторые бывали в «губернии» или в Мос­кве. По рассказам они знали, конечно, что где-то существует другая жизнь. Но тут перед ними про­ носилась квинтэссенция блеска, праздности и рос­коши. Пролетали автомобили, сиял всеми огнями Париж или Лондон, красавицы с широко расстав­ленными глазами в платьях от Ворта пили вино, хохотали, извивались в каких-то томных и чув­ственных танцах, банкир в своем загородном двор­це подписывал чек на миллион долларов... Зрите­ ли сидели, как будто застыв, разинув рты, затаив дыхание. Что они думали? С каким чувством смот­рели на происходившее? С завистью, осуждением или только удивлением? В сущности, ведь им по­казывали как будто жизнь на Марсе. Одно было несомненно: быт и нравы марсиан возбуждали их любопытство. 
Мне вспомнились эти давние наблюдения при чтении романа Алексея Толстого «Черное золото». Роман, говорят, имеет в России большой успех. Не у критики, конечно, — у читателей. Критика возмущена, но уже сделала Толстому «первое предостережение», она на все лады бранит его. Но, по ее же свидетельству, — «рядовой подписчик советского журнала набрасывается на эту авантюрно­ аристократическую халтуру с жадностью». Толстой, по-видимому, на критику давно махнул рукой. Он знает, что какие бы она громы ни метала, одними резолюциями о писательских съездах и очерками об «ударниках» журнала при режиме «самооку­паемости» не наполнить. Он понимает, что его бел­летристика «Красной нови» или «Новому миру» нужна. И с величайшей беззаботностью, «с аппе­титом», как говорил Тургенев, он изображает быт «разлагающейся эмиграции» и «гибнущей буржу­азии» на удивление пролетарских потребителей своего творчества. Что они думают, эти потребители? Что заставляет их страницу за страницей с жадностью перелистывать «Черное золото?» Мир далекий, странный и чуждый показан в романе. Претендент на престол Романовых пьет коктейль в баре на Елисейских Полях; финансовые воротилы скупают всю бакинскую нефть; бывшие кня­гини убивают в притонах каких-то пьяных и сласто­любивых турок... Невольно видишь все те же разинутые рты, неподвижные глаза. Алексей Тол­ стой — очень ловкий человек, из тех, что «не про­ падут» нигде, ни при каких условиях. Он блес­тящий, тонкий и сильный художник, — когда благоволит им быть. В «Черном золоте» он не со­ благоволил. Ему хотелось только написать что-ни­ будь побойчее, позанятнее, повыгоднее. 
Роман, впрочем, не так плох, как оценили его советские рецензенты, — и мельком отозвались о нем некоторые здешние критики. Талант все-таки дает себя знать. Замысел «Черного золота» отда­ленно напоминает последние сочинения Эренбур­га — «Единый фронт», «Фабрика снов» и другие — по тому же желанию упрощенно и схематически представить всю мировую политику как результат соглашения или ссоры двух-трех капиталистичес­ких «акул». Но именно это сравнение с Эренбургом оказывается чрезвычайно выгодным для Тол­стого. У того — все иронично, сухо, натянуто, вымучено, у этого все — «как из ведра», и порой образы живые и яркие возникают из ничего, буд­то сами собой. Бездарно писать Толстой не может, особенно когда дело дойдет до того типа людей, который он так хорошо знает, с которыми за долгие уже годы своего творчества так свыкся. Полуделец, полумошенник, полупоэт, полухлестаков... Здесь Толстой неподражаем. Были бы неподража­емые главы и страницы и в «Черном золоте», если бы только роман этот не был написан так ужасающе небрежно. Он почти сплошь состоит из диа­логов. Предложения не заканчиваются, а обрывают­ся... спасительное многоточие выручает вовремя. Попадаются и простые безграмотности. Наконец, даже в фабуле есть несуразности, объяснимые толь­ко торопливостью автора. 
Пересказывать содержание «Черного золота» — излишне. Содержание в этом романе не играет никакой роли. Имеется только «широкое полот­но», на котором грубо и размашисто изображены персонажи — то вымышленные, то подлинно су­ществующие, некоторые даже с историческими именами. Действие происходит в Париже, Лондо­не, Берлине или Стокгольме в конце войны, в на­чале эмиграции, когда русские и иностранные по­литические деятели строили планы освобождения России, и одновременно — русские и иностранные проходимцы разных масштабов и мастей удили рыбу в мутной воде. Роман и развивается в двух плоскостях, откровенно тяготея, впрочем, к плос­кости проходимцев. 
Любопытна у Толстого картина появления в Париже первых передовых отрядов эмиграции: «Более чем странно одетые, с одичавшими и рас­сеянными глазами, они толкались по парижским улицам, как будто это была большая узловая стан­ция, и все без исключения смахивали на сумасшедших. Сахар, хлеб, папиросы и спички они за­ купали в огромном количестве и прятали в ками­ны и под кровати, уверяя французов, что эти про­дукты должны исчезнуть. Встречаясь на улице, в кафе, в вагоне подземной дороги, они, как беше­ные, размахивали газетами, сцеплялись спорить и кричать. Русских узнавали издали по нездоро­вому цвету лица и особой походке человека, иду­щего без ясно поставленной цели. У них водились драгоценности и доллары, зашитые в воротники пиджаков. На их женщинах (в первые дни по при­ езде) были длинные юбки, сшитые из портьеры, и самодельные шляпы, каких нельзя встретить даже в Центральной Африке. К французам относились с высокомерной снисходительностью». 
Это, конечно, шарж, — но не лишенный остроты. Толстой метко описывает то, что лично ви­дел или слышал. В кабинетах нефтяных королей он, вероятно, не бывал и с вершителями европей­ских судеб не беседовал: здесь ему только лубок и по силам. 
Роман издан берлинской фирмой «Книга и сцена». На обложке нет пометки: «том первый». На последней странице не значится: «продолже­ние следует». Мы вправе решить, что «Черное золо­то» издано целиком. Ничто этому впечатлению не противоречит. В финальном диалоге книги глав­ный герой, бывший гвардеец Налымов склоняет­ся ниц перед большевиками: «Будет время, когда от них никуда не уйдешь, ни на какой остров не скроешься, и это будет скорее, чем думают, — у них идеи, а у нас идеи нет. Признаю себя шелухой, подбитой ветром». Все, значит, обстоит, как полагается, имеется в заключение соответству­ющий аккорд или, — как выражается Луначар­ский, — «идеологически выдержанная концовка». Но, на беду... роман, изданный здесь отдельной книгой, печатается в московском «Новом мире». И вот там, в июльском номере журнала, после «идеологической концовки» Налымова идет дру­гая глава и обещаны за ней еще новые. Роман не кончен. Едва ли в будущем с Налымовым и его друзьями случится что-либо важное или значитель­ное. Толстой способен продолжать рассказ об их похождениях без конца, — как и оборвать его, где вздумается. Преступления перед литературой из­дательство не совершило. Но следовало все-таки предупредить читателей, что роман выпущен в сокращенном виде. 




";1931
«В солнечном доме» Н. Чуковского;Чуковский Н.;"Тяжело быть «орленком» — сыном знамени­ того отца. Еще тяжелее выступать на том же попри­ще, где прославился отец... Корней Чуковский — далеко не орел, но все-таки сын его, молодой пи­сатель Николай Чуковский — для всех только «сын Чуковского», и много усилий придется ему еще затратить, чтобы стать самим собой. 
Лет десять тому назад его можно было встре­тить в Петербурге во всех тогдашних литератур­ных «студиях». Он не был мальчиком, но его все звали «Коля Чуковский»: так моложав, так юно­шески бодр и шумлив был отец, что, казалось, не может быть у него взрослого сына. Ореол новизны и прозорливости, создавшийся одно время вокруг критической деятельности Корнея Чуковского, в те годы уже сильно померкнул. (У Блока в днев­нике есть о нем злая и замечательная фраза: «ле­зет своими одесскими глупыми лапами в нашу умную петербургскую боль».) Но «Коля» мог все-таки еще греться в лучах славы отца, который к тому же критику оставил тогда для истории лите­ратуры и занимался Некрасовым, добросовестно и дельно. «Коля» писал стихи — неплохие, но быст­ро исчезающие из памяти. Его хвалили, но не при­нимали всерьез. Казалось, он пишет потому, что вертится в писательской среде. Изменится среда — изменятся и интересы. 
Но имя Николая Чуковского не исчезло из литературы. Правда, не часто, но появляются все-таки в советской печати стихи, очерки и расска­зы за его подписью. До сих пор многие говорят, видя эту подпись: «сын Чуковского» и настраи­ваются недоверчиво, помня, что сыновья, сле­дующие за отцами, почти всегда неудачники... Между тем Николай Чуковский заслуживает вни­мания и даже признания. Некоторые его сверст­ники или товарищи по «студиям» добились в советской словесности гораздо больших успехов, имея гораздо меньше данных. Николаю Чуков­скому не повезло. У него талант, может быть, и не крупный, еще сыроватый, но настоящий, — в теперешних советских условиях кажущийся слег­ ка старомодным по склонности к лиризму, по спо­собности волнения. 
Сборник рассказов «В солнечном доме» — кни­га с несомненными достоинствами. Если бы автор избавился от пристрастия к некоторым литератур­ным клише и условностям, — от ошибок вкуса в особенности, — было бы совсем хорошо. К сожа­лению, он любит искусственно-страшный стиль «городских рассказов» 1905 года, Леонида Андре­ева, Скитальца или Сергеева-Ценского... «Город лежал внизу, как синяя туча...» Так и ждешь, что сейчас будет: «кто-то высокий зажег над ним ми­риады звезд» — или что-нибудь в этом роде, столь же постылое. Он кончает рассказ, — и отличный сам по себе рассказ, — словами: «Они шли вдвоем по пустому, черному, выветренному городу. Ветер гнул водосточные трубы», — полагая, вероятно, что эти «трубы» многозначительны и полны смыс­ла. А в действительности это штамп, литератур­щина, привычная беллетристическая завитушка, давно уже ничего не значащая. Но подобные ме­лочи не умаляют значения книги. 
В ней приятно, прежде всего, отсутствие под­лаживания к цензуре или критике (par le temps qui court, это в России почти одно и то же). Книга заведомо обречена на то, чтобы не быть замечен­ной — в лучшем случае. В худшем — автор ее будет объявлен классовым врагом, вредителем или пре дателем. В книге много юмора, свежести, чувства, какой-то неподдельной, исчезающей «голубогла­зой» восторженности. 
Лучше всех других, пожалуй, рассказ «Суе­та» — о некоей петербургской «артели революци­онного искусства», устраивающей свои собрания не в комнате, а на крыше для вящей свободы вдох­новения. В артель входят: незадачливый скульп­тор из Парижа, вечно что-то ищущий и ничего не находящий; захудалый поэт-футурист, когда-то рисовавший корабли на своих щеках, а теперь опустившийся до темных делишек; доверчивый и порывистый мальчик Сережа; наконец, рабочий, которого от искусства тянет к жизни... Отноше­ния их сложные, в фабуле кое-что анекдотично. Есть, повторяю, погрешности. Но в общем рассказ целен, своеобразен и правдив. 
Как большинство писателей, Николай Чуков­ский начал со стихов. Едва ли стихи — его подлин­ное дело. В прозе ему удается больше сказать. 

";1931
«Гидроцентраль» Мариэтты Шагинян;Шагинян М.;"Если держаться принципа, что здесь, в эмиграции, критик должен говорить лишь о тех советских книгах, которые он может «порекомендо­вать» читателю, то о «Гидроцентрали», длинней­шем романе Мариэтты Шагинян, говорить не сле­довало бы. 
Произведение это очень серое и очень скучное. Каюсь, пока «Гидроцентраль» печаталась в одном из московских журналов, я несколько раз пробовал читать ее, но тщетно: сохранить в памяти от номе­ ра к номеру всю эту толчею лиц, слов и действий, всю эту бескостную путаницу, всю эту «кашу» бы­вало невозможно. А перечитывать роман каждый раз с начала казалось незаслуженным наказанием. Этим летом «Гидроцентраль» вышла отдельной кни­гой: в таком виде ознакомиться с ней легче. Но все- таки чтение романа Мариэтты Шагинян — занятие томительное, и если «Гидроцентрали» мы должны уделить внимание, то лишь по внешним причинам, или, как говорится, «в порядке осведомления»: это­ му произведению советская критика придает огром­ное значение, считает ее вещью, на которой начи­нающие писатели должны учиться и по которой им следует «равняться». «Гидроцентраль» — «одно из крупнейших произведений всей советской литературы», приветствовал в «Литературной газете» по­ явление романа Шагинян критик Селивановский, адъютант властителя дум — Авербаха. «Роман отличается глубокой продуманностью...» Не всту­пая в эстетические споры, не возражая насчет «про­думанности», попробуем понять, почему Мариэт­та Шагинян удостоилась тех высоких одобрений, которых столь многие в Москве столь усердно и безуспешно добиваются. 
Вопрос об искренности ее нас мало интересу­ет. Искренность Мариэтты Шагинян под большим сомнением, но не такая это крупная писательница, чтобы ее моральная чистота или податливость заслу­живали отдельного разбора. Бог с ней! — хочется сказать: не она первая прислуживается, не она последняя. Лет шесть-семь тому назад Мариэтта Шагинян изрекла замечательный афоризм: — он, надеюсь, будет когда-нибудь включен в ту «Revue des bevues», о которой мечтал еще Пушкин: 
— Я не понимаю, как можно не хотеть узнать лицо человека, который спит рядом. 
Желание законное, слов нет... Мариэтта Ша­ гинян подразумевала, конечно, пролетариат и упре­кала «интеллигентов» в невнимании к нему. Сама она с первых дней революции только и делала, что  «узнавала лицо спящего рядом» — и достигла в этом искусстве большой виртуозности. Можно ведь было грубо польстить пролетариату, сразу восхи­титься и начать славословия: лесть принимается, но лесть недорого ценится... Мариэтта Шагинян, человек умный, поступила иначе. Она долго коле­балась. Долго боролась сама с собой. Размышляла, взвешивала то одно, то другое, давала понять, что «перестройка» стоит ей большой внутренней работы... Все это делалось не совсем напоказ, но и не так, однако, чтобы душевное просветление на­шей беллетристки прошло никем не замеченным. И вот в результате этих сложных «мировоззрен­ческих» сдвигов Мариэтта Шагинян подарила миру и революции «Гидроцентраль» — роман настолько созвучный всем последним устремлениям пар­тийной критики, что большего и желать нельзя. Не так давно мне довелось писать об интересней­шей повести Рыкачева на тему о «приспособлен­честве» — «Величие и падение Андрея Полозо­ва». В этой вещи чрезвычайно проницательно и тонко была разобрана «техника подлаживания» и было показано, как сам «подлаживающийся» по­ рой себя обманывает, как принимает прислужи­вание за службу. Более чем вероятно, что с Мари­эттой Шагинян произошло нечто подобное: на ложь грубую, примитивную ее писания не похожи. Кое- какие признаки того увлечения, о котором гово­рил Рыкачев, в них имеются и позволяют, вероят­но, автору перед самим собой оправдываться. Но в целом «приспособленчество» все-таки очевидно — особенно заметно старание, трогательное, как у прилежной и послушной пай-девочки гимназист­ ки. «Я все напишу, все сделаю, как вы хотите, а вы зато поставьте мне пятерку». Цель достигнута: пятерка поставлена. Из третьестепенной писатель­ницы, какой была Мариэтта Шагинян до револю­ции, ныне она стала «виднейшим мастером слова реконструктивного периода». 
Отчасти ради нее введен даже новый термин в советскую критику: «союзник». Союзниками на­зывают теперь некоторых из былых «попутчиков», тех, которые «вплотную подошли к пролетариа­ту»: Мариэтту Шагинян, Слонимского — за «Фому Клешнева» и в особенности за последние его уст­ные выступления, поэта Тихонова за то, что ему внезапно «сделалось ясно, что он не может напи­сать ни одного произведения, которое не преду­сматривало бы политического содержания» (речь на недавней «Творческой дискуссии», где вообще ска­зано было много замечательного, любопытного в качестве «человеческих документов»), Леонова — за «Соть». С «Сотью» роман Мариэтты Шагинян сопоставляется теперь постоянно, ибо оба эти произведения — «производственные», оба относятся к тому типу литературы, который ныне официаль­го признан желательным и соответствующим духу времени. В отчете того же совещания писателей, о котором я только что упомянул — в Москве его назвали «творческой дискуссией», — говорится: 
«Шагинян и Леонов. “Гидроцентраль” и “Соть”. Эти два имени и эти два названия фигурируют в течение всей дискуссии в различных комбинаци­ях и самых разнообразных сочетаниях с другими названиями и именами. “Сотью” аргументируют, на “Гидроцентрали” строят теории. Шагинян и Леонов — основная ось, вокруг которой вертится колесо дискуссии». 
О сравнении романов Леонова и Шагинян, как произведений художественных, не может быть ре­ и. Думаю, что и там, на «дискуссии» это понимали. В «Соти» талант чувствуется везде, в «Гидро­централи» его совсем не видно. Но оба романа го­ворят о том же: о людях, занятых «строительством социализма» — в частности, создающих одно из тех предприятий, которые входят в пятилетку. В обоих романах авторы стремятся к изображе­нию того слияния работников с работой, того един­ства в творческом порыве, которые должно теперь российские строительства одушевлять. Есть и дру­гие беллетристические вещи на «строительные» темы — «Волга впадает в Каспийское море» Пиль­няка, например: однако ничего, кроме осуждения, они в советской критике не вызывают. Разница в том, что у Пильняка человек и его труд противо­стоят друг другу: человек мучается, любит, скуча­ет, радуется — и вне связи со всем этим работает, будто исполняя повинность. Если у него минута­ми и бывает увлечение, то лишь истерическое, с каким-то непрочным, хмельным восторгом. У Лео­нова и Шагинян — совсем другое: человек как бы растворяется в общем творчестве, принося при этом в жертву, вольную или невольную, многое из сво­их индивидуальных душевных богатств... Очень интересно и показательно, что недавно в Москве обоим авторам был брошен упрек в исполнении ка­зенных заданий (И. Евдокимов). Партийная кри­тика поспешила в ответ разразиться бранью и угро­зами. По существу же это несомненно так: казен­щина и в «Соти», и «Гидроцентрали» имеется, — однако не все ею исчерпывается, особенно в «Соти». Леонов действительно ищет «нового человека» и пытается его найти в новом отношении к труду и обществу: к сожалению, его поиски и открытия все чаще совпадают во всех деталях с кремлевски­ми директивами. Будучи сильнее Пильняка как художник, Леонов уступает ему как человек, как «ум, сердце и совесть». Я вовсе не хочу сказать, что взгляды или настроения Пильняка — един­ственно правильные, что нельзя увлечься тем, чем Леонов увлечен. Нет, это возможно и даже боль­ше: Леонов оттого так и интересен, что весь обра­щен к неизвестному (у Пильняка нет ничего, что не было бы нам давно знакомо). Но если бы Лео­нов искал и увлекался чуть-чуть иначе, свобод­ нее и смелее, с большим чувством личной ответ­ственности, его удивительным художественным свидетельствам было бы больше веры, — и здесь, в эмиграции, и там, в России. Все сказанное о Леонове может быть отнесено и к Мариэтте Шаги­нян, с оговоркой, что она расчетливее, рассудоч­нее и что, судя по ее возрасту и ее прошлому, со­вершившийся в ее сознании «перелом» представ­ляется скорее всего плодом долгих размышлений на тему, какую позицию занять и какого рода книгу написать, чтобы и приличие соблюсти, и одобрение заслужить. 
Предупредив, что «Гидроцентраль» сама по себе не представляет ценности, я воздержусь от обстоятельного разбора книги и пересказа ее содер­жания. Роман интересен только как явление, ха­рактерное для партийно-советских настроений, — характерно даже самое название его, подчеркива­ющее, что речь идет не о каких-либо чувствах, «сдан­ных в архив», а о вещах практически полезных. 
Действие происходит в Армении, на стройке Мизингэса. Инженеры, рабочие, собрания, отчеты, протоколы, ревизии, технические справки, выклад­ки, рассуждения о бетоне, наставления, как воз­ водят мосты, — вот чем наполнена книга. Кое-где 
«чувства» пробиваются все-таки. Но автор их с должной суровостью подавляет, обрывает неумест­ные разговоры или признания на полуслове и вновь переходит к бетону или вопросу о сдельщине. В конце романа сомнения и раскаяние охватывают Мари­этту Шагинян. Она пишет: 
«Автор чувствует, как сохнет внимание чита­теля, как слипаются глаза и говорят книге “до­вольно”, — не для всякого ведь технический ин­вентарь подобен пригоршне драгоценных камней, которые перебираешь и не в силах насладиться досыта». 
Опасения основательны. В России за последнее время стали поговаривать о «фетишизации техни­цизма» — и справедливо стали указывать, что к ней склонны вовсе не подлинные рабочие или тех­ ники, а только «интеллигенты» и «идеологи», желающие рабочим угодить. Мариэтта Шагинян, по­ жалуй, переусердствовала в этом отношении. Как бы ни превозносили ее роман «руководящие това­рищи», можно быть уверенным, что в «массы» он не проникнет. «Глаза слипнутся», как предвидит автор. 
Есть в романе диалог, где в сжатом виде дана, так сказать, идея «Гидроцентрали»: это самые интересные страницы книги. Все остальное — толь­ ко иллюстрация к тому, что в этой беседе Шагинян пыталась выразить. Немец-писатель, путеше­ствующий по России, неожиданно для самого себя от привычного восхищения переходит к критике: 
«Вы начали делать вещи и начали много гово­рить, что делаете вещи. Но мы очень давно и очень хорошо делаем вещи, мы молчим, мы жалеем вре­мя. Приезжая к вам, мы, европейцы, ищем видеть не вещи, а новый принцип, очень новый для нас принцип... Но я не видел ни одного уважения к человеку нигде, нигде. Вы собираете людей делать вещи и что происходит потом? Потом у вас начи­нают мешать, тормозить, сердить этим бедным людям... Вы собираль людей, надо им хороший фураж, хороший корм, а везде я наблюдал реви­зия, ревизия, ревизия. Лучше делать сначала хо­рошо и после хорошо, чем сначала плохо — и после ревизия... Много хозяев — нет хозяин. Один ра­ ботник работает, у него десять командир... тогда работник тоже хочет быть командир и пишет до­ носы ГЕПЕУ... Диктатура страха... Один другому мешают, один другого боится». 
На это некто «рыжий», герой книги и явный выразитель авторских мыслей, отвечает: 
— Вы сказали: мы делаем вещи, и Европа тоже делает вещи, делает лучше, чище, дешевле... Да, но мы делаем вовсе не вещи. Мы делаем плановую вещь, уважаемый герр. Разница. Огромная, колос­ сальная. На каждой фабрике, на каждом строительстве — вещь плюс новое общество, вещь плюс профсоюз, плюс клубная работа, плюс учет, плюс план... Не десятки хозяев, а десятки факторов. И то, что каждый фактор расширяется за счет другого, это и есть борьба за меру, борьба за систему, борьба за новое общество... Вот новый принцип, который вы искали и не нашли, — хозяйство без собственника. 
Диалог длинный. Воспроизвести его целиком нет возможности. Разумеется, «рыжий» торжеству­ет над брюзжащим немцем. Большевики должны быть признательны союзнице Мариэтте Шагинян за то, что она не только кропотливо изображает успехи затеянного ими строительства, но и пред­ лагает довольно тонкую и хитрую философию в оправдание его срывов и неудач. 






";1931
«Линия огня» Н. Никитина;Никитин Н.;"Пьеса Николая Никитина «Линия огня», вмес­те со «Списком благодеяний» Ю. Олеши, была «гвоз­дем» весеннего театрального сезона в Москве. 
Нам здесь неизвестно, как в действительности была она принята московской публикой. В совет­ских газетах пишут только о том, насколько пье­са соответствует последним циркулярам Сталина, насколько близка она задачам «реконструктивного периода», насколько осталась ею довольна «партий­ная общественность». 
С этой точки зрения Никитин экзамен выдер­жал. Пьеса его удостоилась похвал. О ней писали больше и, в общем, одобрительнее, нежели о «Спис­ке благодеяний», — хотя, как ни неудачна драма Олеши, всякому должно быть все-таки понятно, что она и талантливее, и оригинальнее, и умнее никитинской «Линии огня». Но для официальной московской критики эти качества второстепенные. Основное — попасть в тон, чутким слухом уловить последние веяния, продемонстрировать «энтузи­азм». Никитин этим искусством владеет. 
Писатель это средней, умеренной одаренно­сти, один из наименее даровитых «серапионов», в кружках которых начал свою литературную де­ятельность. Он уступает, конечно, не только Все володу Иванову, Зощенко или Каверину, но даже и Слонимскому, тоже не Бог весть какому бел­летристу, внезапно возведенному советскими ли­тературными рецензентами в первоклассные ма­стера. Никитин, что называется, — «работник на ниве слова». В прежнее время писал бы повести о честной сельской учительнице, ставшей жерт­вой произвола, или, при другой выучке, о солн­це, о красоте и тайне порока, о белопенности ут­реннего моря и тихоструйности вечернего ветра. Ныне он пишет о «строительстве», о доблестных партийцах и негодяях-вредителях из бывших по­мещиков. Если он, благодаря этому, делает карь­еру, тем лучше для него. Но литературе до карь­еры Никитина и до его «творчества», в сущно­сти, очень мало дела. 
Пьеса написана бойко. Поверхностное, внеш­нее движение в ней имеется. Однако с первых же страниц чтения все дальнейшее становится ясно. Ясно, что беспризорница Мурка станет высоко­ сознательной работницей, ясно, что инженеру Богалею не удастся его контрреволюционная затея, ясно, что строительство «энергетической установ­ки» будет победно доведено до конца. И так да­лее... Это прописи, а не творчество. 
Отмечу молитву некоего «деда» — не потому, чтобы она без оговорок заслуживала бы сочувст­вия, — (вопрос старый, сложный, глубокий и вы­ ходящий, конечно, за пределы большевистской деятельности), — а потому, что это самое живое место в пьесе: 
— Тишина. Дух святой, Пречистый Господь, даруй нам тишину... Нет, я ошибся. Возмути на­ род, Господи, и покарай врагов наших! Мы ничего не хотим! Мы не хотим ихней энергии, нам не надо заводов. Мы не желаем быть рабочими. Мы хотим служить Тебе, стрелять зверя по лесам, ловить в Твоих реках рыбу, доить коров, пахать Твою зем­лю. Мы ничего не хотим строить! 

";1931
Новые стихи Б. Пастернака;Пастернак Б.;"Появление новых стихов Пастернака — всегда заслуживает пристального внимания. Тем бо­лее достойны его стихи, которые напечатаны были недавно в «Красной нови» и «Новом мире». 
Вещи эти принадлежат к удачнейшему, что Пастернаком написано. Они не только своеобраз­ны и остроумны по «фактуре», к чему Пастернак своих читателей давно приучил, — но и очень вы­ разительны. Они напряженнее, хотелось бы сказать, «человечнее» прежних пастернаковских стихов. 
Но в них, как и прежде, сказывается прямая зависимость Пастернака от Игоря Северянина. О за­висимости этой рьяные поклонники Пастернака обыкновенно умалчивают. Она им, вероятно, ка­ жется слегка компрометирующей. Предвидя возражения, приведу примеры. 
Разве это не северянинский напев? 
Годами когда-нибудь в зале концертной Мне Брамса сыграют — тоской изойду. Я вздрогну, я вспомню союз шестисердый, Прогулки, купанье и клумбу в саду. 
Здесь, в этой строфе, не только мелодия зна­кома, но знакома и типично-северянинская, какая- то резиновая, отскакивающая упругость ритма. 
Или стиль: 
Любить иных тяжелый крест, А ты прекрасна без извилин... 
Победи изнуренья, измор, Заведи разговор по-альпийски. 
Цитирую не в осуждение Пастернаку. Родство с Игорем Северяниным не порок, хотя и не каче­ство: это просто свойство. 
Стихи, в целом, очень хороши. В особенности, — на фоне обычной советской журнальной по­эзии. Надо выделить, как самое замечательное — стихотворение о Шопене (последнее в «Красной нови»). Пастернак любит, по-видимому, музы­кальные темы. 
Все есть в его стихах: исключительная изоб­разительность, изысканное и сложное мастерство, ум, талант... Сравнительно мало как раз того, о чем Пастернак так часто пишет: музыки. «Все то, что отняла у нас жизнь, возвращает нам музы­ ка», — по Ницше. О Пастернаке этого не скажешь. Оттого иногда от одной косноязычной и тяжелой строфы Осипа Мандельштама обвороженной, окол­дованной памяти и сознанию труднее освободить­ся, чем от целого его блестящего стихотворения. 
";1931
Воронский;Воронский А.;"После длительного перерыва в советской печати снова появилась подпись Воронского. Факт этот, вероятно, вызовет возмущение и недоумение коммунистического литературного «молодняка». Какая же это диктатура пролетариата? — спросит «молодняк». В течение нескольких лет во всех газетах и журналах доказывалось, что Воронский злейший реакционер, коварнейший классовый враг, неисправимый идеалист и мистик. Казалось, с ним навсегда покончено... И вдруг опять Воронский, тот же самый, ни в чем не покаявшийся, ни от чего не отрекшийся, становится сотрудником «Но­вого мира» и «Звезды» и выпускает книги свои в Государственном издательстве. Правда, к крити­ке его близко не подпускают: Воронский печата­ет теперь только беллетристические произведения. Но неужели такой опытный писатель, такой ис­кушенный «вредитель» не сумеет отравить и по­ вести свои тем же ядом, которым пропитана была его критика? 
История с Воронским чрезвычайно характер­ на для советской журналистики. Она иллюстри­рует и метаморфозы, происходящие в ней, и ту «борьбу за существование», которую московские журнально-газетные деятели тщетно пытаются при­крыть высокоидейным пафосом. 
Было время, когда Воронский руководил со­ ветским «общественным мнением» в вопросах лите­ратуры. Время это для литературы было сравни­тельно счастливое. Воронский, при многих своих недостатках, о которых здесь подробно говорить не стоит, был все же по уму и чутью на голову выше всех остальных московских критиков, — а главное, был смел, честен и способен принять за свои суждения ответственность. Сравнительной свободой творчества в первые годы революции рус­ские писатели обязаны больше всего именно ему. При Воронском была цензура, конечно. Но цен­зура эта еще не выродилась в правительственное внушение. За пределами некоторых тем писатель волен был говорить, о чем он хочет, — и Ворон­ский постоянно подчеркивал, что предметом ис­кусства являются «огромные, таинственные, пока мало исследованные области человеческого духа». Он же сказал, что «искусство есть преимущест­венно занятие мирное», иронически намекая на то, что свершить заветную мечту пролетарских пи­сателей — превзойти Шекспира и Толстого — удастся еще не так скоро. Будучи марксистом и старым большевиком, Воронский все же допус­кал в понятии о личности и о человеке нечто «над­ классовое», ценное само по себе («биологическое», по его выражению), — и не считал, что литерату­ра, говорящая о человеке и его внутреннем осво­бождении, делает предательское по отношению к революции дело. У Воронского был довольно ши­рокий кругозор. Его, по-видимому, тревожили противоречия между пресловутым всеисчерпыва­ющим и всеобъясняющим ленинизмом и данными европейской науки, — и едва ли он согласил­ся бы с формулой, недавно предложенной Луна­чарским. 
— Думать, что Ленин мог чего-то не заметить и о чем-то не знать — есть предел наглости. 
Общее руководство Ленина он принимал, ко­нечно. Но признавал за литературой право на твор­чество, а не только на разработку прописей, — и отстаивал это право. 
Пока партия была занята исключительно де­лами военными или хозяйственными, литература ускользала от ее внимания. Позднее партия нача­ла прибирать ее к рукам. Литературная жизнь стала регулироваться партийными постановлени­ями и резолюциями, и мало-помалу функция мыс­ ли стала исключительной принадлежностью ЦК, писателю же осталась только функция исполне­ния, — т. е. воплощения мысли в словах... Это процесс долгий, длящийся еще и сейчас. Ему надо было бы посвятить отдельную большую статью. Воронский был уничтожен, «съеден» в начале этого процесса ожесточенными врагами всякой творчес­кой свободы, усердными и ревностными Молчалиными советского строя. Но интересно, что те же самые «юркие ничтожества» (по характеристике Троцкого), которые съели Воронского, — Авербах и его компания, — сейчас уже сами стали вольно­ думцами, еретиками, «бессознательными прислуж­никами буржуазии». Сейчас уже им приходится отбиваться и в спорах с группой Безыменского или «Комсомольской правдой» доказывать последние, самые последние азбучные истины. Сейчас уже Авербах оказался защитником литературы, и, как ни странно, это действительно так... Если и Авер­баха ждет участь Воронского, то мы будем свидете­лями «конца литературы» в советской России, — по крайней мере, литературы в том смысле, как люди понимали ее до сих пор, т. е. конца творчества и превращения его в обслуживание временных и местных нужд государства или общества. 
Появление Воронского в советской печати надо понимать или как последнюю «судорогу свободы» в ней, или, может быть, как луч «новой зари»... Факт это, во всяком случае, показательный. Его смысл и значение в том, что он вскрывает невоз­можность, — при современных советских настрое­ниях — гегемонии промежуточных, авербахо-рапповских взглядов: надо или добить, додушить сво­боду, или дать ей жить. Есть, по-видимому, среди советских литературных деятелей и представите­ ли второго мнения. Если многие «ошибки» мос­ковских издательств и редакций и объясняются отсутствием внимания с их стороны, то внимание к Воронскому, несомненно, было. 
Вещи, им напечатанные, сами по себе мало замечательны. Художественного дарования у Во­ронского нет. Ни новеллы, помещенные в «Новом мире» и «Ленинграде», ни большая повесть «Глаз урагана» не представляют самостоятельной ценно­сти. Но как выражение некоторых взглядов Во­ронского, они любопытны: в них слышатся те же отзвуки толстовства и бергсонианства, чувствует­ся тот же «биологизм», тот же страстный интерес к человеку, — к той человеческой личности, которая не всегда согласна быть только «классовой категорией». 
";1931
«Июнь-Июль» А. Митрофанова;Митрофанов А.;"Здесь, в эмиграции, мы получаем далеко не все советские книги. Поэтому здешний критик лишен возможности быть вполне самостоятельным в поисках и выборе тех произведений, которые дей­ствительно могут быть причислены к «выдающим­ся». Если книга подписана более или менее извест­ным именем, то, разумеется, она доходит до нас, — независимо от того, как отнеслись к ней москов­ские рецензенты. Но сейчас в России на сто новых книг в среднем только пять или шесть принадле­жат писателям, нам знакомым. Поток «литпродукции» по преимуществу анонимен. Разбираться в нем приходится только на основании того, какое впечатление какая книга в России произвела, т. е. по журнальным и газетным отзывам или статьям. Отзывам не всегда и не во всем веришь, многое в них приходится вычитывать между строк и даже иногда брань истолковывать и оценивать как похвалу, но все-таки внимание к книге неизвестного автора возникает только после отзыва, чем-либо заинтересовавшего. Обычно только после этого критик книгу получает и читает... Положение не­ нормальное, конечно, но ненормально наше поло­жение здесь вообще, в целом. Удивляться ли, что оно оказывается таким и в частностях? 
Внимание, возникшее «с чужих слов», доволь­но часто исчезает, когда принимаешься читать книгу сам. О многих повестях и романах, в Рос­сии вызвавших шум, здесь не стоит говорить и нечего здесь сказать о них: произведения эти толь­ ко чуть-чуть более тщательно или более искусно (или с более восторженным, стопроцентно-больше­вистским самозабвением) описывают какую-нибудь сторону советского быта, какую-нибудь деталь его, которая интересна и важна только при условии 
«приятия» этого быта в целом. В них нет ни мыс­ ли, ни взгляда сколько-нибудь общего и углубля­ющего... О многих «замечательных» для советского критика книгах нечего сказать здесь: о «Разбеге» Ставского, например, о «Брусках» Панферова или об удручающе-скудных сочинениях «ударников». Но бывают и исключения. 
Такова повесть Митрофанова «Июнь-июль». О ней сейчас идут оживленные споры в советской России — и, надо признать, идут не напрасно. Книга талантлива, по теме своей она остра и значи­тельна. До сих пор все то, что в советской литерату­ре можно было такими словами охарактеризовать, принадлежало писателям-«попутчикам» (или, по- новейшему, «союзникам»). Литература собствен­но пролетарская, по самой снисходительной и бес­ пристрастной оценке, была беспомощна — вся, за исключением разве одного только Фадеева, кото­рый хотя и произносил на бесчисленных «дискус­сиях» плоские, бесстыдно-льстивые и глупые речи, но, по-видимому, забывает о них, когда садится писать. Теперь к имени Фадеева надо прибавить имя Митрофанова. 
Он, говорят, совсем молод. По профессии — рабочий. В литературе он появился за год до пре­словутого «призыва ударников», так что с массой их в общих свойствах должен был бы, казалось, совпасть. В повести его, действительно, схема соот­ветствует наивно-добродетельному построению по­ чти всех произведений «мобилизованных» авторов, т. е. развивается по схеме «от мрака к свету», как постоянно бывает у писателей слабой культуры. Раньше беллетрист этого уровня рассказывал, как честный земский врач или идеалистически настро­енная учительница, попав в медвежью глушь, бо­рется с тьмой, встречает сопротивление среды, ко­леблется, порой изнемогает и в конце концов одер­живает победу. Ныне, у нового автора, «партиец», служащий в советской типографии, приходит в ужас от прогулов и бессознательности коллектива, начи­ нает бой «за повышение норм» и после длительной борьбы добивается своей цели... Именно такова фабула повести Митрофанова. С первой страницы знаешь, что «нормы» будут, непременно будут по­вышены, как в былое время с первой страницы можно было быть уверенным, что добродетель в лице земского врача победит. Повторяю, схема наивна. Но это — только остов книги, не совпада­ющий с ее содержанием и не исчерпывающий его. 
Содержание «Июня-июля» — сложное, и нелег­ко его в нескольких словах передать. Автор рису­ет типы двух людей — двух приятелей, коммуни­стов Стремянникова и Ольшанина. Оба они наде­лены способностью чувствовать, думать, страдать, любить, сомневаться: это подлинно «живые люди». Оба были безупречными революционерами и большевиками в пору гражданской войны. Но в мир­ное время, особенно в «период реконструкции», Стремянников заскучал. Он вспоминает годы военного коммунизма как золотой век. «Впервые в истории, — говорит он, — человек жрал, потел и ходил заспанный не для того, чтобы кому-то под­ нести, угодить, не для того, чтобы накопить денег или пролезть в парламент». А теперь «мы создаем тысячи предпосылок к тому, чтобы люди опять самоуверенно влюбились в собственность... Воды Днепростроя начинают шуметь слишком благодуш­но». До сих пор в характере Стремянникова ничего нового как будто нет... Это знакомый, не раз в со­ветской литературе представленный образ челове­ка, начавшего медленно «вянуть» вместе с расцве­том ленинского НЭПа, образ романтика революции, данный раньше всех, кажется, Алексеем Толстым («Голубые города»), затем Пильняком, Фединым, Олешей, многими другими. Но в «Июне-июле» этот человеческий тип обогащен новой, чрезвычайно существенной для современного советского жизнен­ного склада, чрезвычайно «актуальной» чертой. 
Автор говорит о Стремянникове: 
— Ему надоело переводить великолепное косноязычье жизни на плохое марксистское наречие. 
Сам Стремянников добавляет, обращаясь к приятелю: 
— Разве я виноват, что вы со своими бригада­ ми не чувствуете, как жаждут люди сбежать от формул! В войну, во Францию, в семейное счас­тье, — куда-нибудь! Некоторые формулы очень исподтишка, очень медленно расшифровываются чувствами, как фальшивые. 
Здесь, в этих словах, — острие замысла Мит­рофанова. По определению одного из советских критиков, он задался целью произвести «увязку великолепного косноязычья жизни с мудростью марксизма-ленинизма»... Может быть, это и так, не знаю. Судя по предисловию, которое Митрофа­нов к своей повести дал, это, пожалуй, так. Но, как и многие другие советские книги, «Июнь-июль» — вещь до крайности двусмысленная. «Увязка» Мит­рофанову удалась, во всяком случае, не вполне, — а вот недоверие живого и внутренне свободного человека к всеразъясняющим формулам он пере­ дал отчетливо. Разумеется, Митрофанов Стремянникову не сочувствует. Не случайно ведь он гово­рит о «плохом марксистском наречии». Хороший марксизм, «мудрый», — как выразился советский критик, — по указаниям и намекам Митрофано­ва, должен «вобрать» в себя жизнь всю, без остат­ка, жизнь «необычайную, цепкую и обильную». Неслучайно заставляет Митрофанов своего «роман­тика» и покончить самоубийством. 
Но положительный герой повести Ольшанин, тот именно, который поднимает «корни строитель­ства», тоже не находит полного удовлетворения в официальной советской мудрости. Его тоже сму­щает бытие и природа. Митрофанов пишет о нем: 
«Я хотел показать рабочего парня — добро­ душного, немного созерцательного, любящего по­ мечтать, который, пройдя сквозь строй самых раз­нообразных чувств, становится более воинству­ющим и злым большевиком». Но мотивировка этой метаморфозы у Митрофанова явно заимствована извне и для него самого неубедительна; Ольшанин преображается, ибо сохраняет «связь с производ­ством». Он толкает к смерти своего друга, он не знает, что ответить любимой женщине, которая, обвиняя его в этой смерти, пишет: 
— «Можно жить без выкрутас и не искать классовой борьбы за комодом и под кроватью у каждого...» 
Но все же Ольшанин «обходится без трагедий». Автор добавляет: «Это и немудрено в нашей единст­венной стране, победоносно строящей социализм». 
Замечание вызывает усмешку. Думаю, что усме­хаемся не только мы, читая его, — усмехнутся с горь­ким недоумением и многие там, в советской Рос­сии. Митрофанов очень проницательно ставит во­просы в «Июне-июле», но дает очень слабые ответы. 
Основное «мироощущение» в этой интересней­шей книге: жизнь развивается сама по себе, тео­ ия, пытающаяся ее «вобрать», — тоже сама по себе. Связи нет... Автор не доверяет рационализ­му вообще. Поэтому и на «марксизм-ленинизм» он поглядывает с опаской. К «Июню-июлю» я еще вернусь. По всей вероятности, судьба этой повести окажется похожей на судьбу «Зависти» Олеши: о ней будут долго толковать и спорить, пока не увидят, что дотолковались до вещей непозволительных, предосудительных и соблазнительных... Тогда о ней умолкнут. Надо заметить, во всяком случае, что для спора Митрофанов дает новый и подлинно продуманный материал. 
Да и написана книга своеобразно. Несомнен­но, автор ее наделен глубоким «чувством приро­ды», никому и ничему не подвластной, ни с кем и ни с чем не считающейся. 

 
";1931
Новые рассказы И. Бабеля;Бабель И.;"Имя Бабеля снова стало мелькать в советских журналах, — после долгого перерыва. Новые его рассказы не разочаровывают: они так же умело написаны, как и прежние, проникнуты тем же печальным, сдержанным, едким, хочется сказать «терпким», лиризмом. 
От этого беллетриста ждали когда-то очень многого. Едва ли не он был лет пять-шесть тому назад главнейшей «надеждой» советской литера­туры. Потом Бабеля стали забывать. Поговарива­ли, что Бабель выдохся, — и добавляли при этом, что он сам о себе такого мнения. 
Но слишком мы стали требовательны к лите­ратуре и писателям. Несколько лет отдыха, — а, по существу, может быть, только раздумья, вына­шивания замысла, подготовки и приближения к высокому и ответственному делу творчества, — не­ сколько лет молчания истолковываются как «бес­силие», «бесплодие». В советской обстановке эта требовательность достигла чудовищных размеров. Писатель не вправе там помолчать и два-три меся­ца: ему немедленно напомнят о «темпах»... Бабель молчал долго. Теперь он как будто пожелал дока­зать, что силы его не иссякли и дар не ослабел. 
На ближайшее время обещан его новый роман. Отрывки уже появились в московских журналах. Один из последних рассказов Бабеля был перепе­чатан в нашей газете: читатели сами могут о нем судить. 
В седьмом номере «Звезды» Бабель поместил рассказ «Карл-Янкель», рассказ совсем короткий — «пустячок», на первый взгляд. Этот пустячок, в сущности, удивительная вещь, почти шедевр, по­чти — если бы не заключение, будто смазанное, недописанное. Рассказ напоминает лучшие вещи Мопассана по какой-то беспощадной зоркости и умению найти слова, простые, короткие и неза­менимые. 
В основе рассказа — случай комический: в семье комиссара над младенцем в отсутствие отца совершен обряд обрезания. 
— Тебя морально запачкали, — говорит ко­миссару секретарь ячейки. 
Комиссар подает в суд на обидчицу-мачеху, виновницу «морального ущерба». Сцене суда и посвящен рассказ. Он так ярок и меток в каждой фразе, в каждом штрихе, в нем грусть и веселость слиты так нераздельно, что цитировать из него нечего: привести пришлось бы все. 
Нет, Бабель не выдохся. Он остается одним из одареннейших писателей, живущих в России, и, может быть, самым опытным мастером среди них. 

";1931